m,y,Beef,"Bread, middling",Corn,Flour,Molasses,Pitch,Pork,Rice,"Salt, coarse","Salt, fine","Rum, West Indian","Staves, barrel","Staves, hogshead","Staves, pipe","Sugar, muscavado",Tar,Turpentine,Wheat,"Wine, Madeira"
1,1720,74.33,69.72,70.11,75.6,63.89,111.16,75.67,107.46,84.27,102.92,106.02,38.29,43.63,38.03,81.48,92.51,49.04,73.88,68.17
2,1720,74.33,71.55,71.88,74.11,62.6,111.16,75.67,107.46,84.27,98.8,90.29,38.29,43.63,38.03,74.07,92.51,49.04,74.58,68.17
3,1720,74.33,70.96,77.65,74.11,62.6,111.16,75.67,107.46,84.27,85.76,100.09,38.29,43.63,38.03,74.07,92.51,49.04,70.44,68.17
4,1720,74.33,67.85,77.65,68.26,61.74,111.16,75.67,107.46,84.27,98.8,78.94,38.29,43.63,38.03,74.07,92.51,49.04,72.48,68.17
5,1720,74.33,64.15,77.65,68.26,59.17,111.16,75.67,107.46,84.27,68.61,53.66,38.29,43.63,38.03,74.07,92.51,49.04,70.14,68.17
6,1720,74.33,64.15,77.65,74.11,59.17,90.95,79.87,107.46,84.27,68.61,54.43,38.29,43.63,38.03,74.07,92.51,49.04,73.18,67.71
7,1720,74.33,64.15,77.65,74.11,55.31,84.22,79.87,114.18,84.27,68.61,58.04,38.29,43.63,38.03,74.07,92.51,49.04,73.18,68.17
8,1720,74.33,64.15,77.65,72.16,55.31,84.22,79.87,120.89,84.27,68.61,58.04,38.29,43.63,38.03,63.21,92.51,49.04,70.14,68.17
9,1720,74.33,64.15,77.65,73.49,55.31,84.22,79.87,120.89,84.27,68.61,57.27,38.29,43.63,38.03,63.21,92.51,49.04,70.14,68.17
10,1720,74.33,64.15,77.65,74.11,51.88,84.22,79.87,120.89,84.27,73.07,57.01,38.29,43.63,38.03,63.21,92.51,49.04,70.61,68.17
11,1720,74.33,64.15,77.65,74.11,51.88,84.22,79.87,120.89,84.27,68.61,57.01,38.29,43.63,38.03,63.21,92.51,49.04,71.08,68.17
12,1720,74.33,59.21,77.65,64.36,51.88,77.48,79.87,120.89,84.27,79.93,60.11,38.29,43.63,38.03,63.21,74.01,49.04,71.08,68.17
1,1721,74.33,64.15,81.2,64.36,53.6,80.85,75.67,117.54,84.27,85.76,62.43,38.29,43.63,38.03,69.14,74.01,49.04,70.14,75.74
2,1721,74.33,64.15,88.74,68.26,53.6,80.85,75.67,117.54,84.27,85.76,62.43,38.29,43.63,38.03,69.14,74.01,49.04,73.18,75.74
3,1721,74.33,64.15,86.97,66.31,53.6,80.85,75.67,112.5,72.34,85.76,62.43,38.29,43.63,38.03,69.14,74.01,49.04,70.14,75.74
4,1721,74.33,64.15,85.19,68.26,53.6,80.85,75.67,107.46,60.4,77.19,62.43,38.29,43.63,38.03,69.14,74.01,49.04,67.34,75.74
5,1721,74.33,64.15,85.19,64.36,54.45,80.85,75.67,107.46,45.21,51.46,52.63,38.29,43.63,38.03,69.14,74.01,49.04,68.27,68.17
6,1721,74.33,64.15,72.33,66.31,53.6,80.85,75.67,97.39,42.32,62.78,53.66,38.29,43.63,38.03,64.2,74.01,49.04,71.08,68.17
7,1721,74.33,64.15,68.33,68.26,53.6,80.85,75.67,97.39,39.06,60.03,57.01,38.29,43.63,38.03,64.2,74.01,49.04,71.08,68.17
8,1721,74.33,64.15,68.33,74.11,44.59,74.11,75.67,97.39,42.32,57.29,59.07,38.29,43.63,38.03,64.2,74.01,52.11,71.08,68.17
9,1721,74.33,64.15,68.33,74.11,44.59,74.11,75.67,97.39,42.32,54.2,59.07,38.29,43.63,38.03,64.2,74.01,52.11,71.08,68.17
10,1721,74.33,64.15,72.33,74.11,44.59,74.11,75.67,97.39,42.32,51.46,59.07,38.29,43.63,38.03,64.2,74.01,52.11,71.08,68.17
11,1721,74.33,64.15,75.87,69.28,44.59,90.95,75.67,97.39,39.06,45.63,62.43,38.29,43.63,38.03,59.26,92.51,58.24,75.05,77.64
12,1721,74.33,64.15,83.42,69.28,44.59,90.95,75.67,97.39,39.06,45.63,62.43,38.29,43.63,38.03,59.26,92.51,58.24,75.05,77.64
1,1722,74.33,64.15,75.87,69.28,55.31,90.95,75.67,97.39,36.17,45.63,62.43,38.29,43.63,38.03,59.26,92.51,58.24,77.86,77.64
2,1722,74.33,64.15,75.87,69.28,55.31,90.95,75.67,97.39,36.17,45.63,62.43,38.29,43.63,38.03,59.26,92.51,58.24,77.86,77.64
3,1722,74.33,64.15,75.87,69.28,55.31,90.95,75.67,97.39,36.17,45.63,62.43,38.29,43.63,38.03,59.26,92.51,58.24,68.27,77.64
4,1722,74.33,59.21,75.87,68.26,55.31,90.95,75.67,97.39,36.17,45.63,59.07,38.29,43.63,38.03,59.26,92.51,58.24,68.27,77.64
5,1722,76.81,59.21,75.87,68.26,55.31,90.95,75.67,97.39,33.27,45.63,59.07,38.29,43.63,38.03,59.26,92.51,58.24,68.27,77.64
6,1722,76.81,61.68,77.65,72.16,51.88,90.95,75.67,90.67,33.27,45.63,59.07,38.29,43.63,38.03,59.26,92.51,58.24,71.08,77.64
7,1722,76.81,61.68,77.65,76.06,51.88,90.95,75.67,90.67,45.21,41.51,81.78,38.29,43.63,38.03,59.26,97.14,58.24,71.08,77.64
8,1722,76.81,61.68,77.65,76.06,51.88,90.95,75.67,90.67,45.21,41.51,81.78,38.29,43.63,38.03,59.26,97.14,58.24,71.08,77.64
9,1722,76.81,61.68,77.65,69.74,51.88,90.95,75.67,90.67,51.36,91.6,91.06,38.29,43.63,38.03,66.67,97.14,58.24,66.87,77.64
10,1722,76.81,61.68,77.65,69.74,51.88,90.95,75.67,90.67,51.36,84.05,91.06,38.29,43.63,38.03,66.67,97.14,58.24,66.87,77.64
11,1722,76.81,61.68,77.65,63.43,51.88,90.95,75.67,90.67,57.15,76.16,100.09,38.29,43.63,38.03,74.07,97.14,58.24,62.43,77.64
12,1722,76.81,61.68,77.65,64.36,51.88,90.95,75.67,90.67,57.15,68.61,100.09,38.29,43.63,38.03,74.07,97.14,58.24,62.43,77.64
1,1723,76.81,61.68,77.65,65.38,51.88,90.95,75.67,90.67,57.15,102.92,100.09,38.29,43.63,38.03,74.07,97.14,58.96,62.43,77.64
2,1723,76.81,59.21,77.65,65.38,51.88,90.95,71.47,93.36,57.15,87.82,79.45,38.29,43.63,38.03,74.07,97.14,59.69,62.43,77.64
3,1723,76.81,59.21,77.65,65.38,51.88,90.95,71.47,96.04,57.15,72.38,79.45,38.29,43.63,38.03,74.07,97.14,60.41,62.43,77.64
4,1723,80.52,56.75,77.65,64.36,53.6,90.95,71.47,98.73,57.15,57.29,53.66,38.29,43.63,38.03,74.07,97.14,61.14,62.43,77.64
5,1723,80.52,56.75,77.65,70.21,53.6,90.95,71.47,101.42,57.15,55.92,51.59,38.29,43.63,38.03,74.07,97.14,61.87,62.43,77.64
6,1723,76.81,56.75,88.74,68.26,53.6,80.85,69.36,104.1,57.15,54.2,53.66,38.29,43.63,38.03,74.07,97.14,62.59,62.43,77.64
7,1723,76.81,56.75,77.65,70.52,50.17,80.85,64.32,100.75,57.15,54.2,53.66,38.29,43.63,38.03,74.07,97.14,63.32,65.23,77.64
8,1723,76.81,56.75,77.65,70.52,50.17,80.85,64.32,97.39,74.15,104.29,68.88,38.29,43.63,38.03,74.07,97.14,64.04,65.23,77.85
9,1723,74.75,56.75,88.74,70.76,55.74,80.85,64.32,94.03,91.51,154.37,57.01,38.29,43.63,38.03,72.43,107.96,64.77,65.23,78.06
10,1723,72.67,56.75,88.74,70.99,60.89,80.85,64.32,90.67,108.51,137.22,68.88,38.29,43.63,38.03,70.78,118.69,65.5,65.23,78.27
11,1723,70.61,56.75,90.52,71.23,66.46,80.85,64.32,87.31,108.51,137.22,68.88,38.29,43.63,38.03,69.14,129.52,66.22,65.23,78.48
12,1723,69.37,56.75,92.29,71.23,71.6,80.85,64.32,83.95,108.51,137.22,60.11,38.29,43.63,38.03,69.14,129.52,66.95,65.23,78.69
1,1724,84.24,56.75,92.29,71.23,71.6,84.22,65.58,85.63,108.51,123.84,77.39,37.44,42.66,36.76,65.18,129.52,67.67,65.23,78.9
2,1724,99.1,57.98,92.29,74.82,71.6,84.22,66.84,87.31,87.89,110.12,74.81,36.59,41.69,35.49,61.23,117.21,68.4,69.21,79.11
3,1724,81.14,57.98,92.29,78.33,70.75,84.22,68.1,88.99,67.27,96.74,71.97,35.74,40.72,34.23,57.28,104.82,69.13,72.95,79.32
4,1724,63.18,59.21,94.51,81.91,69.46,87.58,69.36,90.67,46.66,83.02,77.39,34.89,39.75,32.96,53.33,92.51,69.85,76.92,79.53
5,1724,63.18,59.21,94.51,81.91,57.03,87.58,59.27,90.67,46.66,102.92,49.53,34.03,38.78,31.69,45.43,92.51,70.58,76.92,79.53
6,1724,74.33,59.21,94.51,86.83,66.03,117.9,59.27,105.78,66.19,100.17,53.66,34.03,38.68,31.95,59.26,92.51,71.3,76.92,75.74
7,1724,74.33,59.21,94.51,88.78,66.03,117.9,59.27,104.1,90.42,97.08,49.53,34.03,38.58,32.2,59.26,92.51,72.03,79.96,75.78
8,1724,74.33,59.21,94.51,88.78,64.32,117.9,59.27,104.1,90.42,97.08,49.53,34.03,38.48,32.46,59.26,92.51,72.75,79.96,75.81
9,1724,74.33,59.21,94.51,89.72,57.03,117.9,54.65,104.1,90.42,120.07,49.53,34.03,38.38,32.71,59.26,92.51,73.48,79.96,75.85
10,1724,74.33,59.21,94.51,89.72,57.03,117.9,54.65,104.1,90.42,120.07,49.53,34.03,38.29,32.97,59.26,92.51,74.21,79.96,75.88
11,1724,74.33,59.21,94.51,95.57,57.03,117.9,55.07,104.1,91.87,120.07,62.43,34.03,38.19,33.22,59.26,92.51,74.93,91.65,75.92
12,1724,74.33,59.21,94.51,97.52,57.03,117.9,55.07,104.1,91.87,120.07,62.43,34.03,38.09,33.48,59.26,92.51,75.66,91.65,75.95
1,1725,74.33,59.21,94.51,95.57,62.6,117.9,55.07,104.1,91.87,120.07,77.39,34.03,37.99,33.73,59.26,94.83,76.38,89.55,75.99
2,1725,74.33,59.21,94.51,95.57,62.6,117.9,55.07,111.69,91.87,120.07,77.39,34.03,37.89,33.99,59.26,97.14,77.11,89.55,76.02
3,1725,74.33,59.21,94.51,95.57,62.6,117.9,54.65,119.22,91.87,120.07,77.39,34.03,37.79,34.25,59.26,99.45,77.84,99.37,76.06
4,1725,74.33,59.21,94.51,89.72,62.6,117.9,54.65,126.8,91.87,120.07,64.49,34.03,37.69,34.5,59.26,101.76,78.56,106.15,76.09
5,1725,79.28,59.21,94.51,89.72,60.89,117.9,71.47,134.33,90.42,85.76,64.49,34.03,37.59,34.76,59.26,104.08,79.29,84.87,76.13
6,1725,74.33,59.21,97.17,87.77,62.6,117.9,71.47,134.33,90.42,85.76,71.97,34.03,37.49,35.01,59.26,106.39,80.01,84.87,76.16
7,1725,74.33,64.15,99.84,91.2,62.6,124.64,71.47,141.04,90.42,85.76,73.78,34.03,37.4,35.27,66.67,108.7,80.74,83.94,76.2
8,1725,74.33,64.15,99.84,94.63,62.6,131.38,71.47,147.76,90.42,85.76,75.33,34.03,37.3,35.52,74.07,111.01,81.47,82.77,76.23
9,1725,74.33,64.15,99.84,94.63,62.6,131.38,71.47,147.76,90.42,85.76,75.33,34.03,37.2,35.78,74.07,113.33,82.19,82.77,76.27
10,1725,74.33,70.32,88.74,99.47,62.6,131.38,71.47,147.76,90.42,85.76,75.33,34.03,37.1,36.03,74.07,115.64,82.92,93.52,76.3
11,1725,74.33,70.32,88.74,99.47,62.6,131.38,71.47,147.76,90.42,85.76,75.33,34.03,37,36.29,74.07,117.95,83.64,93.52,76.34
12,1725,74.33,69.08,88.74,101.42,64.32,131.38,73.05,147.76,90.42,85.76,75.33,34.03,36.9,36.55,74.07,120.27,84.37,93.52,76.37
1,1726,74.33,69.08,90.52,97.52,62.6,131.38,74.63,147.76,90.42,85.76,76.36,34.03,36.8,36.8,71.6,122.58,85.1,87.68,76.41
2,1726,74.33,69.08,91.85,94.01,60.89,131.38,76.19,147.76,90.42,79.93,77.39,34.03,36.7,37.06,69.14,124.89,85.82,94.46,76.44
3,1726,74.33,69.08,93.62,87.77,66.03,131.38,77.77,147.76,90.42,85.76,77.39,34.03,36.6,37.31,69.14,127.2,85.82,87.68,76.48
4,1726,74.58,69.08,94.95,93.62,65.17,131.38,84.08,147.47,91.36,68.61,96.74,34.03,36.5,37.57,74.07,129.52,85.82,93.52,76.51
5,1726,74.82,69.08,96.73,93.62,64.32,130.63,84.08,147.18,92.29,51.46,77.39,34.03,36.41,37.82,79.01,131.83,85.82,93.52,76.55
6,1726,75.07,70.02,98.06,97.52,64.32,129.96,84.08,146.88,93.23,51.46,76.62,34.03,36.31,38.08,75.06,134.14,85.82,91.65,76.58
7,1726,75.32,69.08,99.84,101.42,64.32,129.22,84.08,146.59,94.16,52.83,74.04,34.03,36.21,38.33,79.01,136.46,85.82,87.68,76.62
8,1726,75.57,69.08,99.84,101.42,53.6,128.48,84.08,146.3,95.1,51.11,79.45,34.03,36.11,38.59,74.07,138.77,84.66,91.65,76.65
9,1726,75.81,71.55,96.29,101.42,54.88,127.74,84.08,146.01,96.03,51.46,76.1,34.03,36.01,38.85,75.06,154.22,85.82,98.67,76.69
10,1726,76.06,70.32,92.29,102.43,57.03,127.06,82.4,145.72,96.97,47.68,83.84,34.03,35.91,39.1,69.14,169.58,85.82,82.3,76.72
11,1726,76.31,69.08,92.29,102.43,66.03,126.32,82.4,145.42,97.9,51.46,96.74,34.03,35.81,39.36,63.21,185.02,85.82,81.83,76.76
12,1726,76.56,69.08,92.29,97.52,66.03,126.32,82.4,145.13,98.84,85.76,96.74,34.03,35.71,39.61,63.21,185.02,85.82,81.83,76.79
1,1727,76.81,69.08,92.29,97.52,66.03,126.32,82.4,144.84,99.78,77.19,96.74,34.03,35.61,39.87,63.21,166.52,84.6,81.83,76.83
2,1727,77.05,64.15,92.29,96.11,64.32,126.32,81.13,144.55,100.71,68.61,93.64,34.03,35.52,40.12,63.21,163.05,83.37,79.73,76.86
3,1727,77.3,65.97,92.29,94.63,62.6,126.32,79.87,144.26,101.65,68.61,90.29,34.03,35.42,40.38,63.21,159.58,82.14,77.39,76.9
4,1727,77.55,65.38,92.29,95.57,60.89,125.04,78.61,143.96,102.58,68.61,65.52,34.03,35.32,40.64,63.21,156.11,80.92,77.86,76.93
5,1727,77.8,64.79,85.19,90.73,58.31,124.44,77.35,143.67,103.52,68.61,64.49,34.03,35.22,40.89,63.21,152.65,79.69,83.7,76.97
6,1727,78.04,64.15,88.74,90.18,55.31,123.83,77.35,143.38,104.45,68.61,59.07,34.03,35.12,41.15,63.21,149.18,78.47,80.9,77
7,1727,78.29,65.38,88.74,90.89,57.03,123.16,78.48,143.09,105.39,79.93,60.88,34.03,35.02,41.4,63.21,145.71,77.24,78.32,77.04
8,1727,78.54,66.62,90.07,89.64,58.74,122.55,79.59,142.8,106.32,79.93,62.43,34.03,34.92,41.66,63.21,142.24,76.01,75.52,77.07
9,1727,78.79,67.85,90.07,85.82,60.89,121.88,80.71,142.5,107.26,79.93,67.33,34.03,34.82,41.91,63.21,138.77,74.79,72.95,77.11
10,1727,79.04,69.08,99.84,81.91,62.6,121.27,81.84,142.21,108.19,69.64,72.49,34.03,34.72,42.17,66.17,157.27,73.56,70.14,77.14
11,1727,79.28,66.62,88.74,81.91,64.32,121.27,82.95,141.92,109.13,60.03,77.39,34.03,34.63,42.42,69.14,175.77,72.34,70.14,77.18
12,1727,79.28,67.85,88.74,78.01,64.32,125.78,84.08,141.63,110.06,60.38,77.65,34.03,34.53,42.68,69.14,175.77,71.11,70.14,77.22
1,1728,74.33,69.08,91.4,79.96,64.32,130.23,84.08,141.34,111,60.72,90.29,34.03,34.43,42.94,69.14,185.02,69.88,70.14,77.25
2,1728,74.33,68.49,94.51,79.03,64.32,134.74,84.08,141.04,111.94,61.06,73,34.03,34.33,43.19,69.14,185.02,68.66,72.01,77.29
3,1728,74.33,67.85,97.17,77.08,64.32,101.06,84.08,141.04,112.87,61.41,73,34.03,34.23,43.45,69.14,134.14,67.43,70.14,77.32
4,1728,99.1,64.15,99.84,71.23,62.6,67.37,109.3,107.46,113.81,57.29,55.98,34.03,34.13,43.7,69.14,83.26,66.21,75.99,77.36
5,1728,99.1,64.15,105.6,75.13,63.46,74.11,109.3,120.89,114.74,57.29,60.36,34.03,34.03,43.96,69.14,87.89,64.98,79.03,77.39
6,1728,99.1,64.15,110.93,74.11,64.32,80.85,109.3,134.33,115.68,57.29,64.49,34.03,33.93,44.21,69.14,92.51,63.75,81.83,77.43
7,1728,99.1,69.08,110.93,75.13,71.6,80.85,105.1,120.89,116.61,57.98,62.43,34.6,34.26,44.47,69.14,92.51,62.53,87.68,77.46
8,1728,103.76,69.08,88.74,76.61,66.46,80.85,105.1,120.89,117.55,58.66,68.88,35.17,34.58,44.72,69.14,92.51,61.3,85.81,77.5
9,1728,108.4,69.08,88.74,78.01,60.89,74.11,100.89,127.61,118.48,57.29,62.43,35.74,34.9,44.98,69.14,92.51,60.08,83.7,77.53
10,1728,86.72,69.08,105.6,85.82,64.32,74.11,100.89,127.61,119.42,57.29,66.56,36.3,35.23,45.24,69.14,92.51,58.85,81.83,77.57
11,1728,86.72,69.08,105.6,83.86,64.32,80.85,100.89,127.61,120.35,72.38,64.49,36.87,35.55,45.49,71.11,92.51,57.62,81.83,77.6
12,1728,86.72,69.08,105.6,81.91,64.32,80.85,100.89,127.61,121.29,102.92,64.49,37.44,35.87,45.75,71.11,92.51,56.4,81.83,77.64
1,1729,86.72,69.08,99.84,81.91,64.32,80.85,84.08,134.33,122.22,85.76,64.49,38,36.19,46,69.14,92.51,55.17,81.83,77.67
2,1729,86.72,69.08,99.84,81.91,64.32,80.85,84.08,134.33,123.16,68.61,64.49,38.57,36.52,46.26,69.14,92.51,53.95,81.83,77.71
3,1729,86.72,69.08,99.84,78.01,66.03,80.85,96.69,127.61,124.1,68.61,63.46,39.14,36.84,46.51,69.14,92.51,52.72,81.83,77.74
4,1729,85.06,66.62,88.74,70.21,67.75,80.85,86.18,120.89,125.03,67.24,62.43,39.71,37.16,46.77,69.14,92.51,51.49,83.7,77.78
5,1729,83.41,66.62,88.74,70.21,67.75,80.85,86.18,120.89,125.97,64.15,62.43,40.27,37.49,47.02,69.14,92.51,50.27,83.7,77.81
6,1729,81.76,66.62,88.74,76.06,67.75,87.58,86.18,120.89,126.9,66.9,62.43,40.84,37.81,47.28,69.14,111.01,49.04,101.24,77.85
7,1729,80.11,67.85,96.29,85.82,66.03,87.58,86.18,120.89,127.84,68.61,62.43,41.41,38.13,47.54,62.22,111.01,51.86,85.81,77.88
8,1729,78.46,69.08,99.84,89.72,64.32,80.85,86.18,120.89,128.77,68.61,61.91,41.98,38.46,47.79,66.67,111.01,54.68,85.81,77.92
9,1729,76.81,69.08,110.93,91.67,53.6,74.11,84.08,127.61,129.71,74.44,64.49,42.54,38.78,48.05,71.11,111.01,57.5,87.68,77.95
10,1729,75.15,69.08,96.29,89.72,67.75,67.37,84.08,127.61,130.64,74.44,77.39,43.11,39.1,48.3,69.14,92.51,60.26,85.81,77.99
11,1729,73.5,74.02,96.29,95.57,69.89,80.85,84.08,127.41,131.58,79.93,81.78,43.68,39.43,48.56,74.07,111.01,68.23,86.74,78.02
12,1729,71.85,72.78,79.42,85.82,69.89,94.32,94.17,127.14,132.51,97.08,77.39,44.24,39.75,48.81,71.6,111.01,73.56,91.65,78.06
1,1730,74.33,69.08,88.74,85.82,85.75,101.06,96.69,117.33,133.45,120.07,77.39,44.81,40.07,49.07,64.2,111.01,73.56,90.72,78.09
2,1730,74.33,74.02,84.75,93.62,85.75,101.06,96.69,107.46,134.38,120.07,77.39,45.38,40.4,49.32,59.26,109.16,73.56,93.52,78.13
3,1730,74.33,74.02,80.31,93.62,66.03,101.06,96.69,107.46,135.32,102.92,60.11,45.95,40.72,49.58,54.32,107.31,73.56,93.52,78.16
4,1730,74.33,74.02,88.74,93.62,64.32,101.06,97.75,107.46,136.26,102.92,73,46.51,41.04,49.84,57.28,105.46,73.56,89.55,78.2
5,1730,74.33,74.02,82.97,93.62,64.32,101.06,98.79,107.46,137.19,97.08,60.11,47.08,41.37,50.09,60.25,103.61,73.56,89.55,78.23
6,1730,74.33,74.02,83.42,97.52,64.32,101.06,101.73,109.14,138.13,91.6,60.11,47.65,41.69,50.35,63.21,101.76,73.56,93.52,78.27
7,1730,74.33,74.02,81.2,97.52,64.32,101.06,101.73,110.82,139.06,85.76,60.11,48.22,42.01,50.6,63.21,99.91,73.56,93.52,78.3
8,1730,74.33,74.02,84.75,103.37,60.89,101.06,101.31,112.5,140,79.93,62.43,48.78,42.34,50.86,65.18,98.06,70.5,93.52,78.34
9,1730,74.33,74.02,87.86,85.82,57.03,101.06,101.31,114.18,140.93,85.76,60.11,49.35,42.66,51.11,67.16,96.21,67.43,77.86,78.37
10,1730,74.33,74.02,91.4,85.82,57.03,101.06,100.89,115.86,141.87,111.49,60.11,49.92,42.98,51.37,69.14,94.36,64.37,77.86,78.41
11,1730,74.33,74.02,94.51,85.82,60.89,101.06,100.89,117.54,142.8,137.22,62.43,50.48,43.3,51.62,69.14,92.51,61.3,75.99,78.44
12,1730,74.33,71.55,81.2,66.31,60.89,101.06,100.89,119.22,143.74,137.22,62.43,51.05,43.63,51.88,69.14,106.39,58.24,64.3,78.48
1,1731,74.33,69.08,85.19,62.41,64.32,101.06,109.3,120.89,144.67,137.22,64.49,51.62,43.95,52.14,65.18,120.27,55.17,52.61,78.51
2,1731,76.81,61.68,77.65,62.41,64.32,107.8,100.89,107.46,96.57,120.07,64.49,52.19,44.27,52.39,67.16,115.64,52.11,64.3,78.55
3,1731,79.28,56.75,70.11,60.46,60.89,94.32,92.48,94.03,48.1,102.92,62.43,52.75,44.6,52.65,69.14,111.01,49.04,58.45,78.58
4,1731,83.25,55.51,66.56,60.46,62.6,94.32,84.08,100.75,54.25,85.76,60.11,53.32,44.92,52.9,69.14,111.01,61.3,52.61,78.62
5,1731,87.21,55.51,81.2,60.93,62.6,94.32,84.08,100.75,54.25,102.92,60.11,53.89,45.24,53.16,69.14,111.01,61.3,51.67,78.65
6,1731,91.18,55.51,66.56,60.93,53.6,94.32,90.8,114.18,72.34,120.07,59.07,54.45,45.57,53.41,71.11,97.14,55.17,51.67,78.69
7,1731,95.14,54.28,66.56,52.66,53.6,96.01,91.64,104.1,63.29,120.07,64.49,55.02,45.89,53.67,71.11,97.14,55.17,50.74,78.72
8,1731,99.1,54.28,74.1,55.94,54.88,97.69,92.48,94.03,54.25,120.07,78.94,55.59,46.21,53.92,71.11,97.14,55.17,58.45,78.76
9,1731,99.1,55.51,66.56,59.52,53.6,94.32,100.89,94.03,54.25,85.76,79.45,56.16,46.54,54.18,60.25,97.14,55.17,58.45,78.79
10,1731,99.1,57.39,74.1,73.02,53.6,94.32,92.48,94.03,54.25,102.92,72.49,56.72,46.86,54.44,47.41,90.2,73.56,61.49,78.83
11,1731,99.1,59.21,74.1,78.17,55.74,94.32,96.69,94.03,60.4,102.92,74.81,57.29,47.18,54.69,63.21,92.51,61.3,71.54,78.86
12,1731,96.01,59.21,74.1,63.74,60.03,94.32,93.54,94.03,60.4,90.91,74.81,57.86,47.51,54.95,63.21,92.51,61.3,60.32,78.9
1,1732,92.91,59.21,74.1,62.41,60.89,87.58,90.38,94.03,60.4,78.56,73,58.43,47.83,55.2,66.17,92.51,61.3,60.32,78.93
2,1732,89.81,59.21,74.1,66.31,57.03,80.85,87.24,94.03,60.4,66.55,70.94,58.99,48.15,55.46,69.14,92.51,61.3,60.32,78.97
3,1732,86.72,57.98,74.1,64.99,57.03,80.85,84.08,94.03,60.4,85.76,70.17,59.56,48.48,55.71,69.14,92.51,61.3,62.89,79
4,1732,74.33,58.23,74.1,61.01,61.74,94.32,84.08,94.03,72.34,94.34,68.36,60.13,48.8,55.97,67.16,92.51,67.43,60.09,79.04
5,1732,69.37,58.23,74.1,62.41,60.03,94.32,84.08,107.46,72.34,85.76,60.88,60.69,49.12,56.22,69.14,92.51,61.3,60.32,79.07
6,1732,64.42,57.98,74.1,61.08,57.88,94.32,84.08,120.89,57.15,81.65,58.82,61.26,49.44,56.48,64.2,92.51,61.3,60.79,79.11
7,1732,67.56,59.21,75.87,62.41,57.03,97.69,77.77,117.54,57.15,77.19,60.11,61.83,49.77,56.74,63.7,92.51,61.3,61.02,79.14
8,1732,70.71,58.37,77.65,63.74,59.6,101.06,71.47,114.18,57.15,73.07,60.88,62.4,50.09,56.99,63.21,94.83,58.24,70.84,79.18
9,1732,73.85,59.21,88.74,66.78,60.03,97.69,75.67,110.82,69.44,76.5,62.43,62.96,50.41,57.25,61.23,97.14,56.7,64.3,79.21
10,1732,77,59.21,99.84,69.28,59.17,94.32,79.87,107.46,81.38,79.93,62.43,63.53,50.74,57.5,59.26,97.14,55.17,64.3,79.25
11,1732,80.14,59.21,88.74,62.41,57.03,94.32,89.12,104.1,99.46,94.34,62.43,64.1,51.06,57.76,69.14,92.51,55.17,66.17,79.28
12,1732,83.29,59.21,88.74,62.41,57.03,94.32,89.12,100.75,99.46,94.34,62.43,64.67,51.38,58.01,69.14,92.51,55.17,66.17,79.32
1,1733,86.43,61.68,88.74,62.41,57.03,94.32,84.08,97.39,108.51,102.92,62.43,65.23,51.71,58.27,69.14,92.51,49.04,66.17,79.35
2,1733,89.58,61.68,88.74,62.41,57.03,94.32,84.08,94.03,108.51,102.92,62.43,65.8,52.03,58.52,69.14,92.51,49.04,66.17,79.39
3,1733,92.72,61.68,88.74,62.41,59.17,107.8,78.19,90.67,82.83,78.56,62.43,66.37,52.35,58.78,64.2,101.76,50.57,65.23,79.42
4,1733,95.86,61.68,88.74,62.41,60.89,121.27,72.31,87.31,57.15,54.2,62.43,66.93,52.68,59.04,59.26,111.01,52.11,64.3,79.46
5,1733,99.01,61.68,88.74,62.41,60.89,121.27,72.31,83.95,57.15,54.2,62.43,67.5,53,59.29,59.26,111.01,52.11,66.17,79.49
6,1733,102.15,61.68,88.74,66.31,53.6,121.27,72.31,80.6,54.25,68.61,58.04,68.07,53.32,59.55,56.3,111.01,52.11,81.83,79.53
7,1733,105.3,61.68,75.87,72.16,55.31,121.27,92.48,80.6,69.44,77.19,54.95,68.64,53.65,59.8,55.31,114.72,52.11,79.96,71.96
8,1733,96.01,67.45,103.39,84.49,58.31,121.27,84.08,94.03,72.34,79.93,56.24,69.2,53.97,60.06,51.85,118.42,52.11,81.13,77.64
9,1733,86.72,64.15,103.39,70.21,60.89,121.27,79.87,107.46,69.87,68.61,62.43,69.77,54.29,60.31,57.28,122.12,52.11,75.99,75.74
10,1733,99.1,64.15,99.84,70.21,71.6,121.27,79.87,108.58,67.4,85.76,58.04,70.34,54.62,60.57,47.41,125.82,52.11,70.14,75.74
11,1733,84.24,66.62,107.38,78.01,60.89,121.27,84.08,109.7,64.94,94.34,53.66,70.9,54.94,60.82,47.41,129.52,52.11,70.14,76.12
12,1733,69.37,66.62,96.29,74.11,60.89,121.27,75.67,110.82,62.47,102.92,55.98,71.47,55.26,61.08,49.38,129.52,52.11,70.14,76.5
1,1734,69.37,66.62,96.29,74.11,60.89,121.27,75.67,111.94,60.01,94.34,55.98,72.04,55.59,61.34,49.38,129.52,52.11,70.14,76.88
2,1734,79.28,66.62,99.84,78.01,64.32,94.32,79.87,113.06,57.54,85.76,64.49,72.61,55.91,61.59,49.38,83.26,52.11,81.83,77.26
3,1734,76.81,65.38,90.52,76.06,64.32,101.06,75.67,114.18,55.07,77.19,64.49,73.17,56.23,61.85,49.38,97.14,56.7,79.96,77.64
4,1734,74.33,66.62,81.2,74.11,64.32,101.06,77.77,115.3,52.61,68.61,64.49,73.74,56.55,62.1,59.26,111.01,61.3,81.83,78.01
5,1734,73.51,66.62,90.07,75.44,63.03,94.32,75.67,116.42,50.14,62.78,61.91,74.31,56.88,62.36,52.68,98.71,58.24,82.53,78.39
6,1734,86.72,66.62,88.74,89.72,60.89,67.37,75.67,117.54,47.68,57.29,64.49,74.88,57.2,62.61,54.32,83.26,49.04,85.81,78.77
7,1734,74.33,66.62,99.84,89.72,64.32,94.32,75.67,118.66,45.21,51.46,62.43,75.44,57.52,62.87,73.09,97.14,58.24,87.68,79.15
8,1734,76.81,67.85,94.51,83.4,62.6,74.11,77.77,119.77,45.21,57.29,66.56,76.01,57.85,63.12,57.78,83.26,39.85,79.96,79.53
9,1734,74.33,66.62,88.74,78.01,64.32,67.37,67.26,120.89,48.1,68.61,77.39,76.58,58.17,63.38,49.38,83.26,39.85,70.14,75.74
10,1734,74.33,66.62,88.74,85.82,64.32,67.37,67.26,120.89,48.1,68.61,77.39,76.58,58.17,63.38,61.23,83.26,39.85,70.14,75.74
11,1734,74.33,74.02,88.74,93.62,64.32,67.37,67.26,120.89,48.1,68.61,77.39,76.58,58.17,63.38,61.23,83.26,36.78,101.24,75.74
12,1734,74.33,74.02,66.56,85.82,73.32,94.32,63.9,120.89,42.32,79.93,77.39,71.47,52.35,63.38,75.06,92.51,42.91,103.34,83.32
1,1735,74.33,74.02,66.56,85.82,73.32,94.32,63.9,120.89,42.32,79.93,77.39,71.47,52.35,66.55,75.06,92.51,42.91,103.34,83.32
2,1735,74.33,71.55,66.56,93.62,78.46,94.32,67.26,120.89,54.25,74.44,73,68.07,58.17,69.72,71.11,92.51,42.91,101.24,83.32
3,1735,74.33,78.95,66.56,101.42,71.6,101.06,67.26,120.89,60.4,79.93,62.43,54.45,48.48,69.72,71.11,101.76,45.98,99.37,83.32
4,1735,74.33,75.25,70.11,97.52,67.75,80.85,65.16,120.89,51.36,68.61,60.11,63.81,54.87,66.55,74.57,92.51,38.31,94.46,79.53
5,1735,69.37,74.02,66.56,97.52,71.6,74.11,50.45,120.89,48.1,57.29,55.98,59.56,50.03,69.72,79.01,83.26,38.31,97.5,79.53
6,1735,80.52,74.02,77.65,93.62,75.03,64,63.06,120.89,63.29,71.36,55.98,63.81,51,69.72,76.05,74.01,36.78,95.39,79.53
7,1735,79.28,74.02,66.56,93.62,85.75,94.32,62.22,134.33,66.19,68.61,60.11,62.96,43.63,69.72,69.14,111.01,42.91,89.55,83.32
8,1735,74.33,76.48,77.65,89.72,66.03,77.48,67.26,125.93,52.81,68.61,55.98,59.56,51,63.38,64.2,87.89,36.78,81.83,74.8
9,1735,80.52,74.02,74.1,81.91,64.32,94.32,67.26,134.33,60.4,74.44,57.01,64.67,53.32,66.55,69.63,83.26,35.25,72.01,83.32
10,1735,77.62,62.52,71.44,78.64,64.32,94.32,64.45,128.95,60.4,74.44,58.04,60.7,45.18,68.7,64.53,92.51,37.82,79.26,80.78
11,1735,76.81,64.15,70.11,81.91,64.32,87.58,61.38,123.58,57.15,68.61,54.95,59.13,43.63,68.2,63.21,83.26,36.78,84.4,81.42
12,1735,74.33,64.15,66.56,78.01,64.32,80.85,58.85,118.21,60.4,68.61,58.04,54.45,43.63,69.72,67.16,74.01,36.78,81.83,83.32
1,1736,74.33,66.62,66.56,74.11,71.6,80.85,71.63,112.83,57.15,68.61,58.04,58.71,48.48,68.2,66.67,83.26,39.85,75.99,83.32
2,1736,74.33,69.08,74.1,70.21,78.46,80.85,84.08,107.46,54.25,68.61,58.04,62.96,53.32,66.55,64.2,92.51,42.91,70.14,83.32
3,1736,76.81,69.08,75.87,70.21,71.6,94.32,58.85,114.18,54.25,68.61,56.49,59.56,41.3,60.21,66.67,94.83,38.31,72.01,79.53
4,1736,76.81,70.32,77.65,70.21,71.6,94.32,63.06,114.18,57.15,68.61,55.98,57.01,42.46,53.87,66.67,92.51,38.31,67.34,75.74
5,1736,79.28,64.15,81.2,70.21,64.32,80.85,63.06,107.46,66.19,68.61,57.01,56.16,41.3,57.04,71.11,83.26,36.78,70.14,75.74
6,1736,79.28,59.21,88.74,70.21,71.6,80.85,63.9,107.46,66.19,68.61,57.01,59.56,43.63,57.04,63.21,74.01,36.78,77.86,83.32
7,1736,84.24,59.21,88.74,65.38,71.6,80.85,67.26,114.18,57.15,68.61,57.01,54.45,45.18,57.04,63.21,78.64,36.78,79.96,83.32
8,1736,89.19,59.21,81.2,73.18,64.32,80.85,67.26,120.89,42.32,60.03,52.63,61.26,42.66,57.04,67.16,83.26,32.18,74.12,83.32
9,1736,89.19,59.21,103.39,79.96,71.6,74.11,75.67,120.89,27.13,54.2,54.95,58.71,44.21,55.52,63.21,74.01,27.59,76.92,83.32
10,1736,84.24,59.21,99.84,85.82,71.6,80.85,67.26,120.89,30.02,57.29,55.98,61.26,48.48,60.21,63.21,74.01,27.59,81.83,83.32
11,1736,99.1,66.62,96.29,83.86,78.46,80.85,84.08,120.89,30.02,68.61,64.49,68.07,48.48,63.38,63.21,83.26,27.59,81.83,83.32
12,1736,89.19,54.28,74.1,85.82,78.46,80.85,75.67,120.89,48.1,68.61,64.49,61.26,43.63,63.38,59.26,83.26,27.59,81.83,83.32
1,1737,89.19,54.28,74.1,85.82,78.46,80.85,75.67,120.89,48.1,68.61,64.49,61.26,43.63,63.38,59.26,83.26,27.59,81.83,83.32
2,1737,86.72,71.55,81.2,81.91,75.03,67.37,84.08,120.89,36.17,85.76,68.88,76.58,58.17,63.38,62.22,74.01,27.59,81.83,83.32
3,1737,86.72,71.55,81.2,85.82,75.03,67.37,84.08,120.89,36.17,85.76,68.88,68.07,58.17,63.38,62.22,74.01,27.59,74.12,83.32
4,1737,74.33,64.15,66.56,80.98,66.03,50.53,79.87,100.75,39.06,68.61,63.46,76.58,63.02,57.04,56.3,64.76,24.52,75.99,75.74
5,1737,86.72,71.55,88.74,78.01,64.32,67.37,75.67,107.46,36.17,68.61,57.01,68.07,58.17,63.38,59.26,74.01,24.52,77.86,79.53
6,1737,90.85,74.02,87.41,87.14,65.6,85.36,72.86,109.68,44.13,79.93,60.88,69.77,58.17,66.55,63.55,95.57,26.54,92.82,76.39
7,1737,86.72,83.89,107.38,101.42,62.6,80.85,88.28,120.89,48.1,85.76,63.46,72.32,63.02,70.35,66.17,92.51,28.75,105.21,75.74
8,1737,105.3,83.89,112.26,110.55,63.89,74.11,100.89,120.89,53.17,77.19,68.88,63.52,50.03,71.87,75.06,77.06,22.5,102.64,80.78
9,1737,74.33,78.95,110.93,89.72,64.32,80.85,100.89,120.89,36.17,68.61,74.29,76.58,67.87,82.39,79.01,92.51,30.65,99.37,68.17
10,1737,80.52,78.95,110.93,93.62,67.75,80.85,105.1,120.89,45.21,68.61,75.33,82.53,77.56,79.23,83.95,92.51,30.65,99.37,75.74
11,1737,99.1,83.89,99.84,99.47,67.75,74.11,113.5,120.89,54.25,77.19,76.36,105.51,77.56,79.23,88.89,74.01,25.32,99.37,83.32
12,1737,111.49,83.89,88.74,101.42,64.32,67.37,117.71,120.89,54.25,85.76,77.39,105.51,67.87,82.39,88.89,55.51,19.92,99.37,83.32
1,1738,92.91,83.89,99.84,97.52,67.75,80.85,109.3,127.61,54.25,79.93,73,86.79,65.54,72.89,93.83,83.26,22.25,97.5,83.32
2,1738,92.91,83.89,99.84,97.52,67.75,80.85,109.3,127.61,54.25,79.93,73,86.79,65.54,72.89,93.83,83.26,22.25,97.5,83.32
3,1738,74.33,83.89,110.93,93.62,71.6,94.32,100.89,134.33,54.25,74.44,68.88,68.07,63.02,63.38,98.77,111.01,24.52,95.39,83.32
4,1738,99.1,83.89,110.93,93.62,71.6,80.85,92.48,134.33,48.1,74.44,55.98,68.07,63.02,63.38,79.01,92.51,24.52,89.55,83.32
5,1738,99.1,83.89,109.15,93.62,71.6,74.11,88.28,141.04,42.32,71.36,54.95,68.07,63.02,57.04,69.14,83.26,26.05,88.61,83.32
6,1738,99.1,83.89,109.15,91.67,67.75,67.37,92.48,147.76,45.21,68.61,53.66,68.07,55.84,60.21,67.16,69.38,22.25,87.68,83.32
7,1738,99.1,83.89,103.39,93.62,71.6,80.85,92.48,147.76,36.17,60.03,53.66,76.58,67.87,76.06,69.14,74.01,24.52,87.68,83.32
8,1738,86.72,83.89,96.29,86.83,64.32,74.11,84.08,147.76,45.21,51.46,53.66,85.09,67.87,69.72,69.14,74.01,24.52,77.86,83.32
9,1738,86.72,83.89,77.65,81.91,64.32,67.37,105.1,134.33,54.25,85.76,55.98,91.47,68.84,72.89,69.14,67.07,27.59,59.39,83.32
10,1738,86.72,78.95,66.56,70.21,64.32,67.37,109.3,134.33,48.1,85.76,53.66,102.1,77.56,76.06,69.14,74.01,24.52,58.45,83.32
11,1738,86.72,78.95,66.56,70.21,67.75,67.37,109.3,141.04,51.36,85.76,54.95,85.09,67.87,69.72,71.6,71.7,24.52,71.08,83.32
12,1738,86.72,78.95,66.56,74.11,71.6,80.85,109.3,147.76,54.25,85.76,55.98,85.09,67.87,69.72,74.07,74.01,24.52,66.17,83.32
1,1739,86.72,74.02,66.56,66.31,71.6,67.37,100.89,134.33,36.17,85.76,53.66,68.07,63.02,69.72,75.06,74.01,24.52,70.14,83.32
2,1739,86.72,74.02,66.56,65.38,71.6,74.11,100.89,134.33,39.06,94.34,53.66,72.32,66.7,69.72,72.1,78.64,24.52,72.01,83.32
3,1739,86.72,62.91,66.56,61.47,64.32,74.11,88.28,134.33,36.17,83.02,54.95,76.58,67.87,69.72,72.1,87.89,22.99,68.27,83.32
4,1739,86.72,61.68,55.46,59.84,64.32,80.85,92.48,120.89,36.17,68.61,53.66,76.58,58.17,66.55,75.06,92.51,24.52,62.43,83.32
5,1739,86.72,61.68,57.24,58.51,64.32,80.85,89.96,107.46,36.17,57.29,52.63,76.58,59.14,72.89,75.06,92.51,26.05,62.43,83.32
6,1739,86.72,66.02,59.01,57.03,62.6,74.11,92.48,107.46,36.17,51.46,54.95,76.58,60.69,69.72,75.06,83.26,27.59,61.49,83.32
7,1739,86.72,61.68,70.11,62.41,64.32,67.37,100.89,107.46,42.32,74.44,53.66,76.58,60.69,69.72,75.06,74.01,21.46,60.32,83.32
8,1739,86.72,61.68,55.46,64.36,64.32,80.85,92.48,94.03,36.17,57.29,58.04,80.83,63.02,69.72,71.11,92.51,30.65,64.3,83.32
9,1739,90.43,61.68,63.01,64.36,78.46,80.85,92.48,104.1,60.4,77.19,70.94,76.58,59.53,68.2,79.01,92.51,30.65,64.3,83.32
10,1739,86.72,61.68,66.56,66.31,78.46,80.85,92.48,114.18,60.4,85.76,73,76.58,65.54,72.89,79.01,92.51,30.65,74.12,83.32
11,1739,80.52,61.68,59.01,61.47,71.6,80.85,84.08,110.82,60.4,85.76,71.97,76.58,64.18,74.54,77.04,92.51,30.65,64.3,79.53
12,1739,86.72,61.68,66.56,64.36,64.32,80.85,79.87,107.46,57.15,68.61,69.91,76.58,60.69,76.06,77.04,92.51,30.65,66.17,75.74
1,1740,86.72,61.68,66.56,56.56,64.32,80.85,75.67,107.46,54.25,68.61,70.94,76.58,60.69,69.72,79.01,92.51,30.65,68.27,75.74
2,1740,74.33,61.68,66.56,58.51,71.6,80.85,84.08,107.46,54.25,79.93,68.88,81.68,67.87,82.39,79.01,92.51,24.52,72.01,75.74
3,1740,86.72,61.68,63.01,58.51,71.6,94.32,84.08,94.03,48.1,68.61,68.88,68.07,60.69,69.72,74.07,92.51,27.59,68.27,75.74
4,1740,80.52,61.68,55.46,58.51,71.6,87.58,67.26,94.03,42.32,68.61,62.43,68.07,60.69,69.72,72.1,92.51,30.65,68.74,75.74
5,1740,86.72,61.68,59.01,56.56,67.75,94.32,67.26,94.03,48.1,57.29,60.11,64.67,48.48,69.72,69.14,92.51,24.52,68.27,79.53
6,1740,86.72,61.68,57.24,56.56,71.6,101.06,67.26,87.31,48.1,57.29,62.43,65.52,48.48,66.55,72.1,106.39,30.65,66.17,79.53
7,1740,86.72,64.15,61.23,60.46,69.89,97.69,71.47,73.88,51.36,68.61,60.11,66.37,61.85,69.72,77.04,101.76,33.72,69.21,75.74
8,1740,99.1,69.08,74.1,78.01,71.6,94.32,84.08,73.88,72.34,102.92,60.11,68.07,67.87,69.72,75.06,92.51,55.17,81.83,75.74
9,1740,111.49,74.02,74.1,81.91,71.6,121.27,84.08,73.88,74.15,102.92,60.11,64.67,67.87,69.72,75.06,111.01,61.3,81.83,75.74
10,1740,99.1,76.48,74.1,79.96,71.6,80.85,84.08,73.88,72.34,102.92,68.88,61.26,72.71,63.38,75.06,92.51,49.04,85.81,75.74
11,1740,86.72,75.25,81.2,81.13,71.6,101.06,92.48,73.88,72.34,77.19,69.91,60.41,77.56,66.55,75.06,111.01,52.11,87.68,75.74
12,1740,74.33,74.02,66.56,89.72,71.6,121.27,67.26,73.88,72.34,51.46,70.94,59.56,82.41,69.72,75.06,129.52,55.17,93.52,75.74
1,1741,74.33,83.89,66.56,93.62,82.32,121.27,67.26,83.95,72.34,58.32,70.94,59.56,82.41,69.72,74.07,129.52,55.17,95.39,75.74
2,1741,86.72,88.82,94.51,101.42,82.32,114.53,75.67,83.95,72.34,68.61,66.56,60.41,87.26,69.72,74.07,134.14,52.11,105.21,75.74
3,1741,99.1,88.82,122.02,101.42,85.75,107.8,84.08,94.03,72.34,85.76,68.88,61.26,92.1,69.72,67.16,138.77,49.04,107.08,75.74
4,1741,80.52,88.82,116.7,103.37,82.32,104.43,92.48,87.31,72.34,68.61,64.49,61.26,92.1,69.72,74.07,138.77,38.31,111.99,75.74
5,1741,111.49,98.69,99.84,105.32,71.6,134.74,80.71,107.46,72.34,51.46,68.88,68.07,72.71,63.38,77.04,148.02,36.78,105.21,90.89
6,1741,111.49,111.03,144.21,118.97,64.32,114.53,84.08,107.46,95.12,68.61,69.91,89.34,87.26,76.06,79.01,129.52,39.85,122.75,83.32
7,1741,111.49,108.56,144.21,117.02,71.6,121.27,84.08,120.89,90.42,68.61,70.94,102.1,87.26,82.39,69.14,129.52,42.91,105.21,87.1
8,1741,111.49,108.56,145.98,117.02,71.6,121.27,88.28,134.33,99.46,79.93,77.39,102.1,89.78,82.39,69.14,129.52,39.85,105.21,83.32
9,1741,111.49,98.69,144.21,109.22,78.46,114.53,92.48,134.33,90.42,74.44,83.84,110.61,82.41,82.39,69.14,129.52,42.91,105.21,85.21
10,1741,111.49,88.82,122.02,101.42,78.46,121.27,84.08,134.33,93.31,83.02,81.78,89.34,89.78,79.23,71.6,124.89,42.91,86.74,85.21
11,1741,99.1,93.75,127.79,110.23,82.32,121.27,84.08,127.61,116.1,91.6,93.64,97.85,96.95,85.56,69.14,111.01,39.85,111.06,87.1
12,1741,99.1,101.16,133.11,99.47,85.75,121.27,88.28,120.89,126.59,102.92,98.8,102.1,87.26,95.07,69.14,120.27,42.91,93.52,87.1
1,1742,79.9,98.69,127.79,107.27,99.9,101.06,81.98,107.46,117.55,97.08,98.8,89.34,75.23,91.9,74.07,129.52,42.91,103.34,85.21
2,1742,86.72,88.82,133.11,105.94,99.9,121.27,84.08,120.89,126.59,102.92,90.29,93.59,92.1,95.07,69.14,129.52,42.91,99.37,89
3,1742,86.72,83.89,133.11,103.68,96.47,117.9,81.98,120.89,126.59,102.92,88.23,93.59,89.78,96.72,69.14,120.27,39.85,98.43,89.94
4,1742,86.72,74.02,122.02,85.82,96.47,117.9,81.98,120.89,135.63,94.34,96.74,85.09,65.54,95.07,69.14,120.27,42.91,77.86,89
5,1742,86.72,74.02,114.48,79.96,93.04,114.53,79.87,120.89,126.59,102.92,93.64,68.07,66.7,88.73,69.14,111.01,49.04,81.83,90.89
6,1742,92.91,76.48,110.93,76.06,99.9,114.53,90.38,120.89,108.51,88.51,91.32,68.07,63.02,91.9,69.14,111.01,55.17,86.74,89.94
7,1742,105.3,81.42,133.11,88.78,98.19,111.16,100.89,94.03,87.53,85.76,94.67,76.58,65.54,95.07,86.42,101.76,35.25,79.96,92.78
8,1742,99.1,74.02,133.11,76.06,99.9,101.06,105.1,97.39,90.42,85.76,94.67,78.7,58.17,96.72,93.83,111.01,36.78,75.99,92.78
9,1742,90.43,74.02,133.11,78.01,96.47,101.06,92.48,97.39,87.53,85.76,94.67,76.58,65.54,95.83,98.77,124.89,36.78,81.83,92.78
10,1742,94.15,74.02,96.29,78.01,96.47,107.8,100.89,100.75,84.27,85.76,94.67,85.09,72.71,98.24,93.83,129.52,39.85,75.99,98.46
11,1742,87.34,74.02,103.39,79.03,94.76,101.06,100.89,107.46,81.38,85.76,94.67,85.09,76.59,101.41,83.95,111.01,36.78,75.99,90.89
12,1742,92.91,71.55,92.29,69.28,99.9,101.06,92.48,94.03,84.27,79.93,94.67,76.58,65.54,82.39,93.83,115.64,30.65,67.34,105.09
1,1743,89.19,76.48,96.29,70.21,99.9,107.8,96.69,94.03,84.27,83.02,94.67,68.07,65.54,65.03,83.95,113.33,29.12,72.01,109.83
2,1743,89.19,74.02,92.29,68.26,93.04,104.43,96.69,97.39,81.38,79.93,93.64,69.77,70.39,66.55,83.95,115.64,29.12,74.12,109.83
3,1743,86.72,70.32,74.1,64.36,89.18,107.8,84.08,94.03,84.27,79.93,85.9,68.07,63.02,66.55,74.07,111.01,27.59,67.34,109.83
4,1743,86.72,69.08,74.1,60.93,85.75,94.32,89.96,77.24,78.49,83.02,83.84,63.81,60.69,66.55,74.07,74.01,24.52,61.49,100.36
5,1743,130.07,67.45,99.84,62.41,78.46,94.32,121.91,75.56,66.19,79.93,80.74,66.37,60.69,65.03,69.14,92.51,24.52,60.32,99.41
6,1743,142.46,69.08,99.84,63.04,78.46,97.69,130.32,75.56,72.34,79.93,73,66.37,60.69,68.2,64.69,92.51,22.99,65,99.41
7,1743,148.66,69.08,109.15,65.69,78.46,80.85,134.52,70.52,72.34,79.93,71.97,65.94,61.85,68.2,69.63,87.89,18.39,68.27,96.57
8,1743,148.66,74.02,122.02,70.21,67.75,87.58,134.52,73.88,72.34,77.19,70.94,68.07,65.54,66.55,76.05,92.51,18.39,67.34,96.57
9,1743,123.88,69.08,110.93,76.06,64.32,94.32,134.52,73.88,54.25,51.46,73,68.07,67.87,69.72,74.07,92.51,21.46,64.3,98.46
10,1743,99.1,70.32,114.48,74.11,78.46,94.32,124.01,77.24,60.4,68.61,83.84,76.58,70.39,69.72,74.07,92.51,24.52,66.17,94.68
11,1743,92.91,69.08,77.65,70.21,75.03,94.32,113.5,77.24,54.25,68.61,83.84,76.58,64.18,69.72,85.43,92.51,24.52,70.14,100.36
12,1743,92.91,69.08,66.56,68.26,75.03,94.32,121.91,77.24,60.4,74.44,83.84,76.58,58.17,69.72,93.83,97.14,24.52,61.49,128.76
1,1744,86.72,71.55,66.56,70.21,75.03,94.32,109.3,77.24,60.4,68.61,83.84,68.07,58.17,69.72,93.83,101.76,24.52,58.45,151.48
2,1744,86.72,69.08,66.56,66.31,71.6,94.32,109.3,73.88,60.4,74.44,81.78,68.07,63.02,69.72,98.77,92.51,24.52,62.43,123.08
3,1744,86.72,71.55,66.56,64.36,71.6,94.32,109.3,77.24,60.4,68.61,81.78,68.07,63.02,69.72,108.64,92.51,24.52,62.43,94.68
4,1744,99.1,69.08,66.56,58.51,71.6,94.32,100.89,70.52,60.4,68.61,75.33,68.07,58.17,63.38,108.64,92.51,24.52,58.45,94.68
5,1744,99.1,62.91,74.1,56.56,71.6,94.32,98.79,67.16,57.15,51.46,76.36,68.07,53.32,60.21,96.3,83.26,21.46,53.54,95.62
6,1744,123.88,62.91,65.67,52.66,82.32,90.95,92.48,68.84,81.38,79.93,84.87,68.07,46.15,56.28,108.64,87.89,19.92,58.45,106.99
7,1744,136.27,64.15,88.74,62.41,78.46,94.32,100.89,77.24,78.49,79.93,83.84,68.07,48.48,57.04,113.58,92.51,21.46,58.45,109.83
8,1744,132.13,64.15,65.23,58.51,71.6,89.81,100.89,72.74,78.49,81.99,83.07,68.07,54.87,59.2,98.77,98.71,22.5,55.18,101.61
9,1744,123.88,64.15,66.56,58.51,71.6,94.32,102.99,73.88,81.38,85.76,77.39,68.07,63.02,69.72,88.89,113.33,21.46,54.48,94.68
10,1744,99.1,64.15,63.01,60.46,71.6,94.32,109.3,77.24,90.42,85.76,83.84,68.07,63.02,95.07,88.89,111.01,21.46,56.58,100.36
11,1744,86.72,63.31,63.01,55.94,89.18,94.32,106.49,76.1,90.42,85.76,86.68,68.07,59.72,81.38,85.59,117.21,21.46,62.43,97.82
12,1744,86.72,61.68,63.01,54.61,99.9,94.32,79.87,77.24,90.42,85.76,90.29,68.07,58.17,69.72,93.83,129.52,21.46,58.45,94.68
1,1745,86.72,61.68,63.01,56.56,99.9,94.32,77.77,77.24,90.42,85.76,96.74,63.81,55.84,69.72,88.89,115.64,24.52,55.65,96.57
2,1745,86.72,61.68,63.01,54.61,99.9,94.32,75.67,77.24,99.46,94.34,94.67,59.56,43.63,66.55,83.95,129.52,27.59,54.48,98.46
3,1745,86.72,60.45,63.01,54.61,99.9,94.32,75.67,75.56,90.42,88.51,90.29,59.56,60.69,65.03,83.95,124.89,27.59,54.48,101.31
4,1745,86.72,61.68,63.01,54.61,96.47,94.32,73.57,63.81,90.42,88.51,87.19,59.56,55.84,61.86,83.95,101.76,26.05,54.48,102.25
5,1745,86.72,61.68,63.01,54.61,89.18,94.32,71.47,50.37,90.42,85.76,77.39,55.31,53.32,57.04,83.95,83.26,24.52,54.48,104.15
6,1745,92.91,65.38,72.33,61.47,99.9,80.85,81.98,53.73,93.31,90.22,78.42,63.81,55.84,60.21,79.01,78.64,24.52,62.43,106.04
7,1745,92.91,67.85,75.87,70.21,102.05,80.85,92.48,53.73,90.42,85.76,80.74,68.07,55.84,63.38,83.95,83.26,24.52,64.3,107.93
8,1745,99.1,66.62,88.74,72.16,99.9,80.85,113.5,67.16,90.42,85.76,81.78,68.07,58.17,63.38,83.95,83.26,24.52,62.43,111.72
9,1745,111.49,69.08,88.74,70.21,99.9,107.8,126.12,67.16,96.57,85.76,81.78,76.58,58.17,63.38,83.95,83.26,24.52,70.14,106.04
10,1745,92.91,66.62,96.29,68.26,103.76,94.32,105.1,72.2,105.61,85.76,78.42,85.09,63.02,57.04,86.42,83.26,26.05,67.34,105.09
11,1745,86.72,66.62,88.74,70.21,103.76,94.32,92.48,73.88,102.36,85.76,79.45,85.09,63.02,63.38,93.83,92.51,27.59,66.17,106.04
12,1745,86.72,64.15,74.1,62.41,107.19,80.85,84.08,73.88,99.46,91.6,79.45,68.07,58.17,63.38,83.95,92.51,24.52,62.43,104.15
1,1746,89.81,64.15,66.56,62.41,114.48,80.85,75.67,50.37,99.46,85.76,83.84,68.07,67.87,63.38,98.77,92.51,85.82,58.45,83.32
2,1746,89.81,69.08,88.74,62.41,110.62,74.11,75.67,50.37,102.36,85.76,81.78,68.07,77.56,63.38,93.83,92.51,73.56,58.45,75.74
3,1746,89.81,69.08,74.1,62.41,110.62,80.85,84.08,50.37,102.36,94.34,79.45,68.07,77.56,63.38,98.77,92.51,85.82,60.32,75.74
4,1746,99.1,69.08,66.56,58.51,110.62,80.85,92.48,48.69,108.51,102.92,79.45,68.07,74.26,63.38,98.77,92.51,85.82,62.43,75.74
5,1746,99.1,69.08,70.11,62.41,107.19,80.85,94.59,47.01,108.51,102.92,76.36,68.07,58.17,63.38,88.89,83.26,85.82,64.3,83.32
6,1746,111.49,70.32,81.2,64.36,103.76,80.85,94.59,47.01,120.44,97.08,77.39,65.94,58.17,63.38,88.89,78.64,85.82,69.21,94.68
7,1746,111.49,74.86,96.29,81.29,103.76,67.37,105.1,47.01,108.51,108.75,77.39,68.07,75.62,64.39,88.89,74.01,85.82,75.28,94.68
8,1746,123.88,77.72,107.38,85.82,102.05,67.37,105.1,43.66,108.51,120.07,76.36,72.32,104.32,69.72,87.9,78.64,85.82,75.05,89.94
9,1746,117.69,81.42,81.2,79.96,104.19,78.62,93.33,41.98,108.51,105.66,74.55,73.74,99.47,68.7,89.54,92.51,85.82,72.01,85.21
10,1746,98.49,82.26,77.65,79.5,107.19,76.33,92.48,41.44,140.33,125.9,75.07,64.67,87.26,69.72,90.86,77.06,85.82,68.27,92.78
11,1746,99.1,78.95,83.42,78.01,105.48,77.48,88.28,47.01,198.93,188.68,75.33,72.32,82.41,68.2,93.83,78.64,85.82,70.14,94.68
12,1746,92.91,78.95,74.1,72.16,107.19,77.48,84.08,48.69,325.52,325.9,79.45,72.32,87.26,65.03,98.77,78.64,85.82,70.14,94.68
1,1747,92.91,78.95,74.1,72.16,107.19,77.48,84.08,48.69,325.52,325.9,79.45,72.32,87.26,65.03,98.77,78.64,85.82,70.14,94.68
2,1747,92.91,78.95,88.74,70.21,107.19,80.85,92.48,50.37,108.51,115.95,90.29,76.58,96.95,69.72,103.7,83.26,85.82,70.14,83.32
3,1747,92.91,78.95,88.74,70.21,107.19,80.85,92.48,50.37,108.51,115.95,90.29,76.58,96.95,69.72,95.8,74.01,85.82,70.14,83.32
4,1747,92.91,78.95,83.86,70.21,104.62,85.36,96.69,67.16,96.57,115.95,114.02,72.32,76.01,71.87,102.06,83.26,85.82,70.84,90.89
5,1747,96.01,78.95,88.74,71.23,116.2,80.85,96.69,67.16,93.31,111.49,128.98,72.32,70.39,63.38,111.11,74.01,98.08,70.14,94.68
6,1747,99.1,83.89,96.29,74.66,113.62,94.32,92.48,90.67,90.42,98.8,128.98,85.09,92.1,69.72,116.05,87.89,91.95,75.99,94.68
7,1747,110.25,85.12,99.84,80.59,114.48,92.1,99.85,87.31,104.17,108.75,120.99,104.94,101.8,88.73,107,86.31,71.54,79.26,94.68
8,1747,111.49,76.48,83.42,84.88,114.48,94.32,105.1,88.66,144.67,128.64,118.15,93.59,114.79,95.07,111.11,111.01,91.95,82.3,94.68
9,1747,111.49,83.89,88.74,81.91,114.48,94.32,100.89,90,144.67,137.22,120.47,119.12,135.73,114.08,113.58,115.64,98.08,81.83,94.68
10,1747,105.3,83.89,81.2,90.5,120.91,97.02,100.89,91.34,119.72,114.24,127.44,116.99,142.13,114.08,115.22,117.95,98.08,85.81,94.68
11,1747,101.16,83.89,75.43,89.72,114.48,94.32,100.89,92.69,108.51,102.92,128.98,126.57,114.4,116.62,113.58,115.64,98.08,85.34,94.68
12,1747,99.1,83.89,74.1,80.98,116.2,94.32,100.89,94.03,108.51,102.92,132.34,127.63,96.95,112.56,116.05,115.64,98.08,81.83,94.68
1,1748,105.3,83.89,66.56,93.62,128.63,94.32,100.89,94.03,108.51,94.34,154.78,102.1,92.1,114.08,113.58,111.01,85.82,87.68,94.68
2,1748,105.3,82.26,69.22,92.29,127.34,94.32,100.89,94.03,108.51,95.37,154.78,104.94,92.1,113.07,111.94,104.82,89.93,87.68,94.68
3,1748,105.3,83.89,78.98,89.72,123.91,98.84,96.69,120.89,108.51,102.92,141.88,116.28,101.8,113.07,113.58,98.71,93.97,95.39,94.68
4,1748,111.49,83.89,96.29,91.67,128.63,107.8,96.69,107.46,113.21,102.92,128.98,76.58,101.8,114.08,108.64,129.52,98.08,99.37,94.68
5,1748,111.49,83.89,96.29,91.67,126.06,107.8,96.69,107.46,111.76,102.92,128.98,89.34,103.35,114.08,108.64,129.52,98.08,99.37,94.68
6,1748,117.69,83.89,103.39,94.08,135.92,97.69,100.89,107.46,113.93,108.75,103.19,102.1,106.65,114.08,101.23,92.51,104.21,99.37,99.41
7,1748,123.88,78.11,108.27,124.82,133.35,107.8,117.71,107.46,111.4,111.49,100.35,102.1,106.65,114.08,102.06,92.51,98.08,116.9,98.46
8,1748,123.88,83.89,109.15,121.94,128.63,107.8,117.71,107.46,126.59,111.49,87.19,102.1,106.65,114.08,98.77,92.51,98.08,122.75,98.46
9,1748,105.92,103.62,133.11,161.88,96.47,94.32,100.89,107.46,120.44,107.38,79.2,102.1,93.65,114.08,88.89,92.51,91.95,147.06,94.68
10,1748,105.3,128.3,133.11,156.03,99.9,94.32,100.89,107.46,120.44,108.75,98.8,102.1,96.95,120.42,88.89,92.51,98.08,148,94.68
11,1748,102.2,130.76,117.14,163.83,107.19,94.32,100.89,107.46,118.63,108.75,109.64,133.58,116.34,114.08,98.77,92.51,104.21,153.84,102.25
12,1748,99.1,138.16,103.39,161.25,116.63,94.32,100.89,107.46,112.48,106.69,146.27,113.45,90.55,114.08,88.89,98.71,106.23,157.12,102.25
1,1749,99.1,138.16,103.39,156.03,123.49,94.32,102.99,107.46,108.51,114.24,145.24,85.09,96.95,114.08,88.89,111.01,98.08,163.66,102.25
2,1749,104.06,135.7,122.02,163.83,107.19,121.27,100.89,117.54,108.51,102.92,103.19,102.1,96.95,114.08,88.89,92.51,122.6,175.35,102.25
3,1749,99.1,148.03,110.93,156.03,107.19,121.27,100.89,127.61,99.46,102.92,90.29,102.1,96.95,114.08,88.89,92.51,85.82,155.95,113.61
4,1749,92.91,148.03,122.02,156.03,96.47,94.32,100.89,120.89,90.42,94.34,73,136.14,106.65,126.76,81.98,92.51,98.08,165.53,113.61
5,1749,99.1,136.54,125.57,135.59,93.04,103.28,100.89,120.89,78.49,85.76,81.78,136.14,111.49,136.27,82.31,92.51,102.19,146.83,113.61
6,1749,99.1,127.46,99.84,109.84,88.76,105.1,100.89,128.95,72.34,68.61,82.55,108.91,85.32,121.44,84.94,98.06,112.79,115.03,113.61
7,1749,99.1,126.32,135.78,111.17,85.75,107.8,100.89,134.33,72.34,68.61,90.8,104.66,88.23,114.08,88.89,101.76,110.34,114.1,113.61
8,1749,91.67,124.35,110.04,109.22,77.61,107.8,100.89,134.33,59.68,68.61,95.19,107.21,96.95,119.16,88.89,97.14,110.34,98.2,118.16
9,1749,86.72,119.66,122.02,117.02,75.03,94.32,100.89,134.33,62.57,68.61,94.67,114.01,98.5,122.83,88.89,95.57,106.23,101.94,108.43
10,1749,86.72,113.49,118.47,109.22,71.6,94.32,100.89,134.33,60.4,68.61,96.22,136.14,111.49,126.76,95.31,92.51,98.08,106.38,102.25
11,1749,77.43,111.03,114.48,113.74,71.6,94.32,101.95,134.33,60.4,85.76,112.22,136.14,116.34,127.52,113.58,92.51,104.21,118.3,102.25
12,1749,74.33,128.3,115.81,115.07,71.6,107.8,100.89,134.33,72.34,102.92,103.19,136.14,116.34,123.59,118.52,106.39,110.34,127.89,103.69
1,1750,74.33,128.3,118.47,109.22,71.6,121.27,100.89,134.33,72.34,102.92,103.19,136.14,116.34,139.44,118.52,111.01,110.34,116.9,102.25
2,1750,86.72,123.36,110.93,109.22,71.6,121.27,100.89,134.33,66.19,68.61,85.9,136.14,133.4,139.44,98.77,120.27,110.34,106.61,110.77
3,1750,89.19,118.43,110.93,92.68,71.6,125.78,100.89,134.33,65.1,79.93,79.45,119.12,128.56,138.17,91.36,126.46,106.23,106.85,113.61
4,1750,86.72,115.12,103.39,86.44,71.6,166.75,105.65,134.33,57.15,62.78,79.45,96.44,87.26,114.08,98.77,166.52,153.25,97.5,116.15
5,1750,86.72,113.49,107.38,87.14,64.32,161.69,109.3,134.33,42.32,51.46,80.74,71.47,96.95,104.58,98.77,129.52,147.12,95.39,113.61
6,1750,96.01,111.03,107.38,94.94,67.75,121.27,109.3,134.33,51.36,57.29,90.29,110.61,115.18,114.08,103.7,111.01,110.34,99.37,113.61
7,1750,105.3,106.09,120.25,119.28,67.75,128.01,111.4,147.76,49.91,57.29,89.26,123.37,116.34,107.75,98.77,111.01,122.6,112.93,113.61
8,1750,107.35,120.89,109.15,101.42,67.75,123.49,119.1,147.76,40.15,42.88,88.74,121.96,116.34,101.41,98.77,111.01,114.45,102.41,113.61
9,1750,105.3,118.43,110.93,109.84,78.46,117.9,119.81,147.76,39.06,42.88,90.29,136.14,116.34,101.41,98.77,111.01,116.47,101.24,113.61
10,1750,99.1,118.43,133.11,105.32,71.6,121.27,100.89,142.72,42.32,42.88,96.74,123.37,130.88,101.41,108.64,111.01,122.6,109.19,113.61
11,1750,99.1,118.43,122.02,109.84,78.46,98.84,107.9,137.69,42.32,43.22,95.96,127.63,126.04,101.41,108.64,111.01,110.34,112.23,113.61
12,1750,99.1,118.43,110.93,101.42,85.75,121.27,105.1,132.65,42.32,43.57,92.35,93.59,106.65,88.73,108.64,111.01,110.34,105.21,113.61
1,1751,99.1,118.43,110.93,93.62,85.75,121.27,105.1,127.61,42.32,43.91,92.35,93.59,106.65,88.73,108.64,111.01,110.34,105.21,113.61
2,1751,111.49,88.82,118.47,97.52,85.75,121.27,109.3,122.57,42.32,44.25,116.09,85.09,96.95,88.73,103.7,111.01,122.6,97.5,113.61
3,1751,117.69,88.82,118.47,101.42,85.75,121.27,109.3,117.54,42.32,44.25,116.09,85.09,96.95,88.73,103.7,111.01,122.6,97.5,113.61
4,1751,119.74,115.12,133.11,87.77,81.04,157.18,112.11,112.5,42.32,45.63,85.9,85.09,87.26,88.73,93.83,98.71,122.6,95.39,113.61
5,1751,120.78,113.49,128.23,88.55,78.46,161.69,116.31,107.46,42.32,44.25,84.61,80.83,87.84,88.73,88.89,104.82,147.12,93.52,116.76
6,1751,123.88,118.43,137.55,91.35,71.6,161.69,126.12,114.18,36.17,41.51,83.84,85.09,96.95,76.06,93.83,101.76,147.12,92.12,113.61
7,1751,132.13,115.12,140.66,101.42,77.18,134.74,128.92,120.89,36.17,40.14,83.84,85.09,87.26,80.24,86.26,98.71,153.25,104.98,113.61
8,1751,141.42,107.57,136.66,101.81,75.03,143.71,131.72,110.82,45.93,46.31,82.29,85.94,82.41,82.9,83.12,107.96,163.49,98.2,113.61
9,1751,142.46,108.56,140.66,103.37,75.03,161.69,126.12,110.82,43.76,45.63,81.78,102.1,82.41,76.06,88.89,101.76,183.9,97.5,113.61
10,1751,108.4,113.49,122.02,97.52,75.03,134.74,117.71,120.89,45.21,45.63,82.81,93.59,84.93,77.7,86.42,97.14,183.9,102.41,113.61
11,1751,111.49,118.43,88.74,97.52,80.61,161.69,115.61,116.39,43.76,45.97,83.84,85.09,87.26,76.06,88.89,92.51,183.9,108.25,113.61
12,1751,111.49,118.43,110.93,93.62,85.75,161.69,113.5,111.96,42.32,46.66,85.9,85.09,87.26,76.06,88.89,92.51,183.9,109.19,113.61
1,1752,117.69,113.49,110.93,93.62,82.32,161.69,115.61,107.46,40.87,47,84.87,82.96,80.08,76.06,91.36,92.51,171.64,105.21,113.61
2,1752,123.88,108.56,110.93,93.62,78.46,161.69,117.71,102.96,39.06,47.68,83.84,80.83,72.71,76.06,93.83,92.51,159.38,101.24,113.61
3,1752,123.88,108.56,92.29,93.62,78.46,161.69,117.71,98.53,37.62,48.03,83.84,80.83,72.71,76.06,93.83,92.51,159.38,101.24,113.61
4,1752,126.98,107.08,93.18,93.62,82.75,158.32,120.23,94.03,36.17,48.71,83.32,76.58,72.13,78.08,85.73,92.51,154.48,102.41,115.51
5,1752,142.46,108.06,109.6,100.25,87.04,154.96,124.72,94.03,33.27,40.14,83.84,78.96,73.68,77.07,91.36,92.51,182.37,100.77,116.45
6,1752,121.82,106.93,103.39,107.27,85.75,143.71,124.72,98.53,30.02,45.63,86.68,89.34,82.41,78.21,92.19,92.51,173.67,107.08,113.61
7,1752,130.07,108.56,122.02,109.22,85.75,121.27,134.52,107.46,33.27,45.63,83.84,85.09,67.87,88.73,93.83,92.51,171.64,109.19,113.61
8,1752,133.17,107.97,110.93,108.75,84.47,116.22,130.32,110.82,36.17,45.63,81.78,96.44,75.82,85.56,92.6,92.51,153.25,93.99,113.61
9,1752,130.07,105.25,114.48,110.55,81.04,116.76,126.12,125.39,45.21,51.46,81.78,110.61,82.99,88.73,92.19,92.51,155.28,99.37,113.61
10,1752,124.92,106.09,121.58,106.88,82.32,99.71,123.31,120.89,68.36,70.67,80.74,97.85,95.98,88.73,93.67,92.51,139.95,101.94,113.61
11,1752,117.69,109.79,140.66,105.32,82.32,104.43,115.61,120.89,72.34,68.61,81.78,106.36,99.47,89.49,98.77,101.76,153.25,102.41,113.61
12,1752,123.88,108.56,133.11,106.65,85.75,121.27,109.3,134.33,72.34,68.61,81.78,102.1,116.34,101.41,118.52,92.51,91.95,105.21,113.61
1,1753,123.88,108.56,133.11,90.73,85.75,121.27,109.3,134.33,72.34,68.61,81.78,102.1,116.34,101.41,118.52,92.51,91.95,99.37,113.61
2,1753,117.69,106.09,134.89,93.62,85.75,121.27,105.1,134.33,58.95,62.78,81.78,95.3,101.8,103.06,106.17,97.14,107.28,99.37,115.51
3,1753,111.49,103.62,136.66,93.62,85.75,121.27,100.89,134.33,45.21,57.29,81.78,88.49,87.26,104.58,93.83,101.76,122.6,99.37,117.4
4,1753,117.69,106.09,136.66,93.62,85.75,114.53,102.99,134.33,45.21,57.29,81.78,86.79,87.26,96.72,98.77,97.14,122.6,99.37,115.51
5,1753,116.45,102,126.9,94.94,85.75,110.02,103.7,184.7,42.32,68.61,82.29,92.18,84.93,101.41,100.09,92.51,147.12,102.64,117.4
6,1753,123.88,108.56,124.24,98.14,93.04,94.32,105.1,161.19,42.32,68.61,90.55,102.1,93.65,104.58,103.7,90.94,118.5,107.08,121.19
7,1753,111.49,108.56,126.9,105.32,89.18,87.58,110.7,158.98,48.1,62.78,80.23,106.36,101.02,116.24,103.7,86.31,114.45,109.19,121.19
8,1753,111.49,108.06,127.35,106.49,90.04,97.02,111.82,154.48,48.1,62.78,75.58,108.91,99.47,119.79,101.73,78.64,112.79,109.42,122.7
9,1753,111.49,105.5,126.46,110.47,85.75,102.74,108.68,147.76,48.1,61.06,74.81,101.9,104.51,106.99,97.78,87.89,118,106.38,115.51
10,1753,111.49,108.56,132.67,110.23,85.75,105.57,112.11,114.18,54.25,66.55,74.29,95.59,109.75,112.18,101.23,83.26,104.21,111.99,117.4
11,1753,97.57,104.86,133.11,101.42,85.75,101.06,104.05,124.25,60.4,68.61,73.78,96.44,106.65,104.58,101.23,83.26,106.23,111.99,113.61
12,1753,104.06,103.62,110.93,99.47,85.75,121.27,100.89,107.46,54.25,57.29,75.33,85.09,87.26,95.07,98.77,92.51,110.34,101.24,104.15
1,1754,104.06,103.62,133.11,105.32,85.75,121.27,100.89,100.75,54.25,57.29,75.33,85.09,87.26,95.07,98.77,92.51,110.34,101.24,104.15
2,1754,111.49,103.62,110.93,107.27,85.75,107.8,100.89,107.46,48.1,57.29,85.9,102.1,96.95,95.07,98.77,92.51,122.6,85.81,113.61
3,1754,111.49,103.62,110.93,107.27,85.75,107.8,100.89,107.46,48.1,57.29,85.9,102.1,96.95,95.07,98.77,92.51,122.6,85.81,113.61
4,1754,111.49,106.09,116.7,105.32,85.75,121.27,100.89,100.75,60.4,68.61,84.87,102.1,96.95,95.07,106.17,97.14,122.6,110.12,113.61
5,1754,116.15,106.09,105.6,109.22,87.47,101.06,96.69,98.53,57.15,57.29,83.84,91.47,84.35,96.34,104.95,101.76,122.6,106.15,117.4
6,1754,99.1,103.62,110.93,108.28,93.04,87.58,97.53,94.03,57.15,57.29,82.81,93.59,81.24,99.89,99.75,101.76,116.47,116.9,107.93
7,1754,120.16,113.49,99.84,118.04,89.18,107.8,108.88,141.04,48.1,51.46,82.81,93.59,82.41,101.41,104.95,101.76,110.34,116.9,119.29
8,1754,99.1,106.09,90.52,114.13,86.61,104.43,103.41,141.04,52.81,54.2,81.78,96.15,89.78,101.41,102.48,101.76,102.68,114.1,104.15
9,1754,99.1,108.56,88.74,117.02,85.75,107.8,105.1,120.89,54.25,57.29,81.78,97,106.65,101.41,98.77,101.76,91.95,105.21,102.25
10,1754,130.07,111.03,90.52,108.28,80.61,94.32,112.24,120.89,54.25,51.46,81.78,89.34,108,101.41,105.94,97.14,104.21,101.24,115.51
11,1754,123.88,108.56,96.29,109.22,82.32,101.06,109.3,120.89,54.25,51.46,81.78,93.59,109.17,95.07,93.83,101.76,91.95,103.34,94.68
12,1754,115.63,106.93,93.62,111.79,82.32,107.8,98.08,120.89,49.19,49.4,88.23,96.15,105.09,94.06,92.19,101.76,98.08,103.81,109.83
1,1755,111.49,103.62,96.29,109.22,82.32,107.8,100.89,120.89,45.21,45.63,90.29,88.49,106.65,95.07,98.77,101.76,98.08,101.24,113.61
2,1755,117.69,103.62,88.74,110.23,80.61,107.8,100.89,117.54,45.21,45.63,87.19,88.49,96.95,95.07,95.31,101.76,98.08,109.19,113.61
3,1755,123.88,103.62,81.2,110.23,78.46,107.8,100.89,114.18,45.21,45.63,83.84,88.49,87.26,95.07,93.83,101.76,98.08,105.21,113.61
4,1755,123.88,96.22,83.42,97.52,78.46,87.58,105.1,114.18,45.21,45.63,82.81,91.04,86.09,91.9,101.23,87.89,87.35,105.21,117.4
5,1755,111.49,98.69,88.74,99.47,82.32,101.06,126.12,114.18,48.1,45.63,70.94,93.59,89.78,88.73,98.77,101.76,98.08,103.34,94.68
6,1755,123.88,101.16,96.29,105.32,84.04,101.06,124.01,107.46,48.1,45.63,67.07,88.91,89.78,88.73,101.23,97.14,98.08,108.02,113.61
7,1755,111.49,103.62,94.51,109.22,82.32,101.06,121.91,107.46,54.25,51.46,64.49,102.1,86.87,88.73,93.83,111.01,91.95,111.06,113.61
8,1755,132.13,109.79,96.29,112.81,83.61,92.1,126.12,107.46,57.15,57.29,64.49,89.34,89.58,86.2,96.14,109.44,85.82,104.51,99.11
9,1755,132.13,110.19,102.5,107.27,81.04,96.54,109.3,107.46,56.42,53.52,64.49,87.93,89.19,89.75,88.89,121.84,89.93,99.37,113.61
10,1755,123.88,111.03,110.93,116.08,78.46,101.06,113.5,104.1,66.19,62.78,64.49,82.96,88.81,95.07,88.89,115.64,81.22,105.21,123.08
11,1755,105.3,113.49,110.93,109.22,82.32,101.06,100.89,107.46,72.34,68.61,68.88,76.58,77.56,95.07,93.83,115.64,85.82,105.21,113.61
12,1755,105.3,113.49,99.84,101.42,78.46,101.06,100.89,107.46,61.85,64.49,68.88,74.45,75.23,80.87,96.3,115.64,91.95,101.24,113.61
1,1756,99.1,108.56,110.93,105.32,78.46,101.06,105.1,107.46,60.4,68.61,68.88,72.32,75.23,82.39,93.83,115.64,91.95,105.21,113.61
2,1756,117.69,108.56,110.93,105.32,80.61,101.06,102.99,104.1,69.44,68.61,68.88,61.26,72.71,76.06,96.3,108.7,76.63,105.21,113.61
3,1756,123.88,106.09,114.48,123.89,82.32,97.69,105.1,100.75,66.19,65.87,68.88,66.37,72.71,77.7,96.3,113.33,78.16,108.25,113.61
4,1756,123.88,103.62,129.56,105.32,82.32,94.32,105.1,100.75,66.19,62.78,68.88,71.47,72.71,79.23,98.77,115.64,79.69,115.03,113.61
5,1756,136.27,103.62,122.02,97.52,82.32,94.32,105.1,99.4,66.19,62.78,68.88,71.47,71.36,77.32,98.77,111.01,79.69,112.93,117.4
6,1756,136.27,103.62,122.02,93.62,84.04,88.46,105.1,98.06,86.08,87.14,65.52,71.47,69.8,75.42,98.77,106.39,77.42,109.19,121.19
7,1756,111.49,103.62,116.7,97.52,84.04,82.53,105.1,96.72,86.08,111.49,65.52,71.47,68.45,73.52,98.77,101.76,75.09,105.21,124.97
8,1756,111.49,103.62,110.93,97.52,87.47,82.53,105.1,95.37,88.25,111.49,70.43,71.47,66.9,71.62,98.77,97.14,75.09,109.19,128.76
9,1756,123.88,103.62,110.93,103.37,75.03,80.85,105.1,94.03,90.42,85.76,75.33,71.47,65.54,69.72,98.77,92.51,85.82,112.93,132.55
10,1756,123.88,103.62,103.39,101.42,89.18,101.06,98.37,90.67,84.27,85.76,73,71.47,63.02,69.72,90.86,101.76,91.95,79.96,132.55
11,1756,121.56,103.62,88.74,89.72,110.62,101.06,98.69,91.93,86.17,85.12,73,73.77,63.33,68.93,88.89,99.45,91.19,77.86,136.34
12,1756,119.24,103.62,88.74,74.11,110.62,101.06,99,93.19,88.07,84.47,77.39,76.07,63.65,68.13,98.77,97.14,90.42,77.86,141.37
1,1757,116.91,103.62,86.97,85.82,103.76,101.06,99.32,94.45,89.97,83.82,77.39,78.36,63.96,67.34,98.77,94.83,89.65,93.52,146.45
2,1757,114.59,103.62,85.19,93.62,96.47,101.06,99.63,95.71,91.87,83.17,77.39,80.66,64.28,66.55,90.86,92.51,88.89,93.52,151.48
3,1757,112.27,103.62,85.19,101.42,96.47,101.06,99.95,96.97,93.77,82.52,88.23,82.96,64.59,65.76,90.86,90.2,88.12,111.06,143.91
4,1757,109.94,103.62,66.56,81.91,102.05,101.06,100.26,98.23,95.67,81.88,88.23,80.83,64.91,64.96,90.86,87.89,87.35,87.68,149.86
5,1757,107.62,103.62,66.56,83.86,98.19,101.06,100.58,99.49,97.56,81.23,87.19,78.7,65.22,64.17,93.83,85.57,86.59,93.52,147.7
6,1757,105.3,103.62,70.11,81.91,114.48,101.06,100.89,100.75,99.46,80.58,85.9,76.58,65.54,63.38,93.83,83.26,85.82,83.7,132.55
7,1757,120.78,103.62,83.42,87.77,114.48,101.06,105.94,100.75,96.57,79.93,83.84,76.58,65.54,72.89,91.36,92.51,91.95,87.68,146.75
8,1757,122.34,104.86,73.21,91.2,108.05,101.06,104.89,96.25,96.57,83.7,82.29,76.58,68.45,74.54,94.32,92.51,87.35,85.81,151.48
9,1757,117.69,108.56,72.33,91.67,107.19,101.06,106.78,100.75,99.46,94.34,77.39,76.58,77.56,79.23,98.27,83.26,91.95,84.87,160.95
10,1757,111.49,118.43,74.99,94.94,107.19,105.57,104.96,100.75,126.59,102.92,73.78,103.52,100.25,88.73,104.36,92.51,93.97,83.7,151.48
11,1757,111.49,98.69,81.2,81.91,107.19,107.8,105.1,100.75,126.59,102.92,77.39,119.12,106.65,88.73,93.83,92.51,104.21,75.99,151.48
12,1757,109.01,101.65,70.11,83.08,107.19,105.1,100.89,107.46,108.51,93.65,81.78,107.21,104.13,88.73,96.3,85.11,91.95,81.36,159.06
1,1758,111.49,113.49,66.56,83.86,103.76,101.06,98.37,94.03,90.42,85.76,83.84,102.1,106.65,85.56,93.83,83.26,91.95,82.77,151.48
2,1758,113.56,108.56,69.22,89.72,107.19,101.06,102.99,80.6,88.91,84.79,83.84,102.1,106.65,86.09,96.3,84.8,98.08,84.92,166.63
3,1758,115.62,108.56,71.88,85.82,108.91,101.06,107.62,80.6,87.41,83.82,85.9,102.1,106.65,86.62,98.77,86.34,98.08,87.07,162.09
4,1758,117.69,108.56,74.1,81.68,104.62,101.06,97.95,90.67,85.9,82.85,81.78,102.1,106.65,87.15,97.54,87.89,98.08,89.22,151.48
5,1758,119.75,108.56,74.1,93.62,99.9,101.06,88.28,94.03,84.39,81.88,77.39,102.1,106.65,87.68,96.3,89.43,98.08,91.37,151.48
6,1758,121.82,111.03,92.29,108.13,107.19,101.06,90.38,97.39,82.89,80.9,82.81,102.1,106.65,88.2,97.54,90.97,98.08,93.52,151.48
7,1758,123.88,111.03,99.84,105.32,110.62,101.06,92.48,100.75,81.38,79.93,90.29,102.1,106.65,88.73,98.77,92.51,98.08,99.37,170.42
8,1758,125.44,109.2,99.84,103.84,106.33,103.28,110.36,104.1,83.55,78.9,92.35,99.98,106.65,88.73,95.07,92.51,100.41,92.59,168.07
9,1758,123.88,103.62,99.84,100.48,107.19,101.06,113.5,107.46,84.63,79.93,107.57,110.61,111.49,88.73,88.89,92.51,98.08,83.7,151.48
10,1758,123.88,103.62,92.29,97.52,107.19,102.2,113.5,110.82,85.36,80.96,111.7,107.77,116.34,88.73,81.98,92.51,100.1,93.52,151.48
11,1758,117.69,103.62,94.51,97.52,107.19,103.28,92.48,114.18,86.44,81.99,111.7,104.94,116.34,90.38,81.98,92.51,102.19,95.86,151.48
12,1758,111.49,103.62,96.73,101.42,123.49,104.43,92.48,117.54,87.53,82.68,141.88,102.1,106.65,91.9,103.7,92.51,104.21,98.2,170.42
1,1759,114.59,103.62,98.95,101.42,123.49,105.57,117.71,120.89,88.61,83.7,141.88,99.26,106.65,91.9,103.7,92.51,106.23,100.54,170.42
2,1759,113.05,108.56,101.17,103.37,122.63,106.65,113.5,124.25,89.34,84.73,132.34,96.44,99.47,95.07,96.3,92.51,108.32,102.87,170.42
3,1759,111.49,108.56,103.39,105.32,121.34,107.8,109.3,127.61,90.42,85.76,122.53,93.59,92.1,98.24,88.89,92.51,110.34,105.21,170.42
4,1759,114.59,103.62,114.48,104.85,121.34,123.83,112.66,129.83,74.51,71.36,113.51,86.36,84.35,96.72,86.42,97.14,108.81,106.15,170.91
5,1759,119.54,104.86,138.88,107.27,123.06,106.99,111.82,134.33,77.76,81.65,108.09,93.59,93.27,101.41,88.89,97.14,105.74,112.93,168.07
6,1759,117.69,111.03,144.21,111.17,130.35,107.8,110.98,134.33,70.17,77.19,115.05,102.1,89.78,114.08,91.36,92.51,98.08,123.68,160.95
7,1759,123.88,109.79,144.21,115.85,129.49,107.8,117.09,137.69,61.85,73.76,119.44,99.98,102.96,120.42,90.63,92.51,101.94,123.92,168.07
8,1759,130.07,108.56,144.21,115.07,128.63,107.8,121.91,141.04,61.85,68.61,128.98,99.98,87.26,117.25,88.89,97.14,98.08,117.84,160.95
9,1759,130.07,108.56,149.97,119.99,125.2,107.8,130.32,130.97,70.89,74.44,140.85,110.61,101.8,123.59,79.01,97.14,98.08,117.84,179.89
10,1759,123.88,108.56,155.3,124.82,121.34,107.8,134.52,120.89,81.38,79.93,146.27,119.12,116.34,126.76,69.14,101.76,98.08,124.62,189.36
11,1759,123.88,116.8,158.85,128.1,115.34,103.28,109.3,127.61,80.29,102.92,141.11,119.12,83.96,127.77,88.89,120.27,100.1,126.72,176.74
12,1759,123.88,118.43,139.77,128.72,111.91,106.11,107,130.97,77.04,102.92,135.95,119.12,87.26,126.76,98.77,112.22,98.08,128.59,170.42
1,1760,122.89,116.45,131.78,128.72,107.19,107.8,106.16,130.97,72.34,92.28,132.34,110.61,86.29,126.76,94.66,105.28,93.48,128.59,168.83
2,1760,123.88,118.43,140.66,120.92,105.48,107.8,109.3,120.89,72.34,102.92,133.37,110.61,87.26,126.76,91.36,101.76,91.95,128.59,179.89
3,1760,123.88,115.96,112.7,118.97,109.76,101.06,109.3,134.33,81.38,102.92,128.98,110.61,87.26,126.76,96.3,101.76,95.02,117.37,194.09
4,1760,128.02,118.43,118.47,120.92,114.48,87.58,107.2,134.33,67.27,94.34,126.66,95.09,87.26,135.25,95.07,98.71,85.82,124.62,198.82
5,1760,140.41,118.43,128.23,109.84,142.78,92.1,116.58,134.33,67.27,94.34,120.99,107.77,98.5,140.45,98.77,92.51,87.84,112.93,183.03
6,1760,142.46,118.43,125.57,102.43,129.49,96.01,119.39,134.33,76.32,96.4,127.44,110.61,102.38,141.59,94.72,92.51,89.93,103.34,185.57
7,1760,132.13,118.43,128.68,116.08,105.91,97.69,123.31,137.69,82.83,96.4,117.89,110.61,101.8,139.44,94.81,97.14,87.05,118.3,191.25
8,1760,148.66,118.43,133.11,113.12,107.19,94.32,121.91,120.89,78.49,102.92,118.15,110.61,101.8,139.44,98.77,92.51,76.63,116.9,189.36
9,1760,148.66,118.43,149.97,115.07,103.76,84.22,126.12,120.89,82.83,102.92,110.67,110.61,111.49,158.45,98.77,92.51,76.63,119.94,217.76
10,1760,130.07,122.13,134,116.24,117.91,95.67,123.04,120.89,95.12,107.38,116.6,136.14,126.04,174.3,88.18,101.76,85.82,119.24,198.82
11,1760,130.07,135.7,140.66,117.02,121.34,97.69,115.61,120.89,78.49,120.07,116.09,144.65,126.04,174.3,87.41,111.01,88.89,119.94,189.36
12,1760,125.94,123.36,133.11,121.55,121.34,101.06,120.52,120.89,72.34,111.49,115.31,147.49,129.33,181.65,95.47,114.07,91.95,122.75,189.36
1,1761,130.07,123.36,105.6,115.69,119.2,96.54,120.1,120.89,66.19,102.92,113.25,138.98,143.87,185.96,94.48,118.69,86.86,123.68,201.97
2,1761,131.73,123.36,122.02,116.55,116.63,94.32,118.77,120.89,69.44,108.75,113.25,136.14,144.07,190.14,97.28,111.01,80.73,124.62,189.36
3,1761,136.27,123.36,110.93,117.02,107.19,101.06,121.91,120.89,66.19,102.92,116.09,170.17,197.78,190.14,98.77,120.27,91.95,124.62,189.36
4,1761,148.66,123.36,101.17,111.95,104.62,94.32,129.9,120.89,62.21,102.92,110.15,106.36,127.97,160.61,93.83,111.01,85.82,115.03,189.36
5,1761,148.66,123.36,99.84,111.17,99.9,94.32,121.91,104.1,63.29,102.92,98.8,110.61,145.43,158.45,88.89,111.01,85.82,109.19,174.21
6,1761,148.66,118.43,98.06,102.43,102.05,94.32,128.22,120.89,63.29,102.92,102.16,157.41,182.27,158.45,101.23,111.01,85.82,111.06,189.36
7,1761,148.66,123.36,99.84,107.27,103.76,80.85,109.3,104.1,69.44,102.92,94.67,136.14,145.43,158.45,98.77,92.51,85.82,116.9,189.36
8,1761,123.88,123.36,99.84,117.02,96.47,94.32,130.32,94.03,75.23,102.92,83.84,144.65,164.82,177.47,88.89,78.64,85.82,108.25,151.48
9,1761,128.84,123.36,106.05,120.3,98.62,98.84,134.52,107.46,75.23,91.6,88.74,144.65,164.82,168.97,102.06,92.51,85.82,111.06,176.74
10,1761,123.88,120.89,116.7,125.84,94.76,97.69,126.12,107.46,78.49,85.76,90.29,170.17,169.66,167.96,103.7,92.51,88.89,119.94,189.36
11,1761,133.17,132.64,119.36,124.35,96.47,96.01,126.12,107.46,79.21,79.93,90.8,187.19,213.29,159.47,100.01,123.78,87.35,116.9,189.36
12,1761,130.07,132,108.27,118.04,106.33,94.32,124.43,107.46,90.42,90.22,115.05,172.3,184.21,147.42,96.79,85.57,87.35,128.59,189.36
1,1762,126.98,133.23,114.48,117.02,110.62,94.32,124.01,107.46,87.53,91.2,122.53,170.17,193.9,152.11,88.89,92.51,85.82,121.34,189.36
2,1762,130.07,125.83,112.7,127.79,103.76,94.32,126.12,100.75,81.38,92.18,114.02,136.14,198.75,155.28,98.77,92.51,85.82,131.63,191.25
3,1762,133.17,134.46,122.02,120.69,99.9,94.32,126.12,87.31,91.87,93.16,108.6,136.14,235.2,169.61,100.01,92.51,85.82,123.68,189.36
4,1762,136.27,133.23,166.39,111.17,99.9,87.58,146.29,94.03,99.46,94.14,92.35,119.12,155.12,139.44,108.64,83.26,85.82,128.59,189.36
5,1762,136.27,134.86,155.3,115.07,98.19,94.32,159.75,94.03,90.42,95.12,94.67,176.98,174.51,164.79,101.23,92.51,85.82,122.75,189.36
6,1762,136.27,134.46,161.07,114.13,98.19,87.58,155.54,86.17,131.29,96.1,103.19,153.15,162.88,158.45,107,83.26,79.69,120.88,208.29
7,1762,154.85,148.03,150.86,134.11,91.33,88.26,159.75,86.64,123.7,97.08,95.71,161.66,173.54,156.93,104.69,87.89,80.49,128.59,200.72
8,1762,167.24,144.73,179.26,141.44,90.47,96.54,161.14,85.1,109.95,102.92,94.67,178.68,168.11,161.62,111.11,97.14,82.76,131.63,189.36
9,1762,161.04,159.88,166.39,142.38,93.04,89.81,159.75,86.64,108.51,102.92,95.96,170.17,168.69,164.79,106.59,92.51,78.47,135.84,193.14
10,1762,161.04,152.97,166.39,141.44,93.04,87.58,132.42,94.03,108.51,101.3,96.74,165.92,145.43,190.14,98.77,97.14,75.09,132.57,189.36
11,1762,146.18,157.9,181.92,159.46,96.47,86.78,136.2,87.31,110.68,99.68,99.83,151.03,157.64,191.79,106.67,101.76,73.56,153.84,189.36
12,1762,136.27,150.5,177.49,150.18,103.76,87.58,140.83,110.82,99.46,98.06,102.16,136.14,135.73,190.14,103.7,101.76,76.63,157.82,189.36
1,1763,149.9,157.9,177.49,148.23,107.19,94.32,142.93,110.82,99.46,96.45,110.41,144.65,126.04,190.14,105.34,104.82,76.63,163.66,201.97
2,1763,148.66,157.9,155.3,148.23,103.76,92.64,134.52,94.03,108.51,94.83,109.64,119.12,155.12,190.14,108.64,111.01,78.16,163.66,189.36
3,1763,142.46,157.9,155.3,152.13,85.75,90.95,136.63,94.03,84.27,93.21,107.57,102.1,140.58,164.79,103.7,111.01,78.16,163.66,208.29
4,1763,148.66,152.97,177.49,150.18,103.76,90.95,142.93,94.03,60.4,91.6,103.19,102.1,121.19,145.77,113.58,101.76,79.69,160.86,189.36
5,1763,148.66,148.03,169.94,144.33,89.18,94.32,146.29,94.03,54.25,91.6,85.9,110.61,106.65,164.79,108.64,115.64,91.95,157.82,208.29
6,1763,140.41,148.03,158.85,132.62,90.47,94.32,137.33,94.03,54.25,91.6,88.23,96.44,145.43,173.28,103.37,100.19,79.69,146.13,183.03
7,1763,142.46,148.03,155.3,136.52,82.32,96.01,140.27,104.1,69.44,91.4,83.84,106.36,135.73,164.79,85.93,125.17,79.69,129.99,175.15
8,1763,148.66,148.03,177.49,115.07,67.75,97.69,151.34,114.18,77.04,91.21,77.39,110.61,126.04,158.45,88.89,111.01,85.82,108.25,179.89
9,1763,148.66,148.03,179.26,121.55,77.61,107.8,151.34,114.18,84.27,91.02,83.07,129.76,134.18,152.11,100.4,113.33,82.76,126.72,195.68
10,1763,161.04,148.03,181.03,126.77,75.03,121.27,151.34,114.18,84.27,90.82,85.9,110.61,140.58,152.11,83.95,124.89,85.82,128.59,170.42
11,1763,161.04,140.14,155.3,105.32,71.6,115.88,151.34,114.18,90.42,90.63,98.8,108.91,131.85,147.04,83.95,123.97,88.27,128.59,170.42
12,1763,151.75,132.24,155.3,105.32,67.75,110.49,168.15,107.46,90.42,90.44,116.09,107.21,123.13,141.97,93.83,123.04,90.73,122.75,170.42
1,1764,142.46,124.35,144.21,107.27,67.75,105.1,168.15,100.75,84.27,90.24,128.98,105.51,114.4,136.9,89.88,122.12,93.18,116.9,170.42
2,1764,142.46,116.45,133.11,109.22,67.75,99.71,168.15,100.75,84.27,90.05,128.98,103.8,105.68,131.83,89.88,121.19,95.63,116.9,170.42
3,1764,123.88,108.56,133.11,101.42,75.03,94.32,168.15,94.03,80.29,89.86,77.39,102.1,96.95,126.76,88.89,120.27,98.08,124.62,170.42
4,1764,136.27,103.62,110.93,99.47,67.75,101.06,176.56,87.31,76.32,89.67,77.39,108.48,106.65,120.42,93.83,129.52,104.21,111.99,160.95
5,1764,148.66,98.69,110.93,85.82,67.75,107.8,168.15,94.03,72.34,89.47,77.39,114.87,116.34,114.08,98.77,138.77,110.34,99.37,151.48
6,1764,148.66,93.75,110.93,89.72,67.75,107.8,168.15,100.75,68.36,89.28,70.94,119.12,96.95,114.08,99.75,92.51,104.21,112.93,170.42
7,1764,148.66,93.75,103.39,97.52,66.03,107.8,168.15,97.39,64.38,89.09,66.56,119.12,96.95,114.08,102.72,92.51,104.21,116.9,170.42
8,1764,148.66,148.03,110.93,97.52,71.6,101.06,176.56,100.75,60.4,88.89,70.94,127.63,96.95,95.07,98.77,101.76,104.21,99.37,227.23
9,1764,148.66,129.92,114.48,100.48,71.6,101.06,175.17,100.75,61.85,88.7,73,118.27,96.95,101.41,103.7,106.39,105.74,97.96,224.08
10,1764,148.66,128.3,133.11,97.52,67.75,102.2,176.56,99.07,63.29,88.51,73,102.1,106.65,114.08,88.89,111.01,107.28,93.52,227.23
11,1764,173.43,133.23,133.11,103.37,75.03,103.28,147.14,97.39,60.4,97.08,77.39,102.1,111.49,114.08,98.77,115.64,104.21,99.37,227.23
12,1764,173.43,133.23,122.02,110.23,75.03,104.43,121.91,97.39,58.59,92.11,85.9,102.1,111.49,114.08,101.23,120.27,101.15,99.37,227.23
1,1765,142.46,114.73,155.3,105.32,69.89,105.57,130.32,99.07,57.15,87.14,79.45,110.61,133.4,126.76,100.01,120.27,98.08,99.37,208.29
2,1765,111.49,96.22,133.11,103.37,64.32,106.65,128.22,100.75,55.34,82.16,73,119.12,155.12,139.44,98.77,111.01,95.02,99.37,189.36
3,1765,111.49,96.22,118.47,101.42,67.75,107.8,126.12,100.75,53.53,77.19,75.33,119.12,155.12,139.44,94.81,111.01,91.95,105.21,189.36
4,1765,136.27,117.19,144.21,101.42,69.89,107.8,117.71,97.39,51.72,72.21,74.29,110.61,126.04,110.92,103.7,111.01,98.08,107.08,179.89
5,1765,161.04,138.16,125.57,98.53,67.75,107.8,109.3,94.03,49.91,67.24,66.56,102.1,96.95,117.25,93.83,111.01,104.21,111.06,170.42
6,1765,161.04,138.16,118.47,100.48,67.75,107.8,113.5,90.67,48.1,62.26,66.56,102.1,96.95,117.25,97.13,111.01,104.21,111.06,170.42
7,1765,148.66,123.36,125.57,105.32,67.75,134.74,130.32,90.67,51.36,57.29,75.33,136.14,135.73,152.11,90.86,120.27,122.6,105.21,170.42
8,1765,148.66,118.43,131.78,107.27,75.03,121.27,125.83,93.63,48.1,62.78,74.29,127.63,135.73,156.3,102.06,123.32,118.5,111.06,170.42
9,1765,161.04,148.03,133.11,113.12,71.6,134.74,134.52,96.58,66.19,64.49,73,123.37,135.73,145.77,108.64,101.76,104.21,111.06,172.31
10,1765,161.04,133.23,155.3,109.22,78.46,121.27,134.52,96.58,90.42,60.03,79.45,136.14,145.43,177.47,110.62,111.01,122.6,105.21,174.21
11,1765,154.85,128.3,138.44,105.32,97.76,121.27,128.22,97.25,85.36,64.49,99.83,130.47,140.58,165.8,118.52,120.27,122.6,116.9,176.1
12,1765,148.66,123.36,122.02,113.12,107.19,124.64,121.91,97.99,79.93,67.67,97.25,124.79,135.73,154.27,135.8,124.89,108.81,135.37,177.99
1,1766,142.46,118.43,133.11,109.22,85.75,128.01,115.61,98.66,74.87,70.84,93.82,119.12,130.88,142.61,127.66,111.01,95.02,119.94,179.89
2,1766,136.27,113.49,133.11,117.02,93.04,128.01,109.3,99.33,69.44,74.01,93.82,113.44,126.04,130.94,119.51,97.14,95.02,119.94,181.78
3,1766,130.07,108.56,144.21,109.22,82.32,114.53,102.99,100.07,64.38,77.19,77.39,107.77,121.19,119.41,113.58,113.33,99.61,134.44,176.1
4,1766,123.88,103.62,122.02,109.22,78.46,101.06,109.3,100.75,45.21,74.79,77.39,102.1,116.34,107.75,118.52,101.76,104.21,134.44,170.42
5,1766,136.27,108.56,155.3,111.17,93.04,107.8,121.91,117.54,48.1,72.38,73,102.1,116.34,114.08,98.77,111.01,128.73,146.13,189.36
6,1766,136.27,108.56,155.3,112.34,87.04,107.8,142.93,115.05,54.25,69.98,73,102.1,133.4,114.08,108.58,106.39,128.73,146.13,189.36
7,1766,148.66,133.23,177.49,123.89,78.46,101.06,151.34,114.18,60.4,67.58,70.94,110.61,121.19,98.24,88.89,101.76,156.32,134.44,170.42
8,1766,148.66,108.56,155.3,113.12,82.32,107.8,159.75,117.54,61.85,65.18,70.94,127.63,126.04,126.76,94.81,111.01,183.9,128.59,189.36
9,1766,142.46,125.83,147.76,117.02,76.75,121.27,147.14,119.22,63.29,62.78,74.29,123.37,128.56,120.42,112.59,115.64,153.25,122.75,189.36
10,1766,136.27,143.1,140.66,110.23,78.46,134.74,134.52,120.89,64.74,68.61,77.39,119.12,130.88,114.08,103.7,120.27,122.6,116.9,189.36
11,1766,136.27,143.1,140.66,128.72,73.75,134.74,134.52,120.89,66.19,68.61,77.39,119.12,130.88,114.08,116.15,120.27,122.6,157.82,189.36
12,1766,123.88,138.16,147.76,124.82,77.18,107.8,121.91,120.89,63.29,68.61,74.55,136.14,145.43,114.08,118.52,111.01,134.86,146.13,208.29
1,1767,123.88,138.16,140.66,129.74,82.32,107.8,121.91,120.89,60.4,68.61,73,136.14,145.43,114.08,98.77,111.01,134.86,151.04,208.29
2,1767,134.21,138.16,133.11,136.52,80.61,111.16,118.9,120.89,60.4,68.61,72.49,138.98,142.52,114.08,104.41,111.01,131.37,158.75,208.29
3,1767,137.83,138.16,133.11,129.58,75.46,107.8,124.01,120.89,66.19,68.61,69.91,136.14,142.91,114.08,101.23,111.01,134.86,144.49,195.68
4,1767,136.27,138.16,133.11,126.46,72.46,107.8,126.82,118.68,66.19,68.61,70.68,136.14,143.1,114.08,104.04,111.01,134.86,138.41,189.36
5,1767,138.03,138.16,133.11,130.05,67.75,111.64,127.31,114.72,51.36,51.46,71.46,136.14,140.58,114.08,100.74,113.7,134.86,143.79,189.36
6,1767,133.79,138.16,134.89,134.96,73.75,103.75,126.96,114.18,51.36,51.46,84.87,132.73,141.55,114.08,97.97,111.01,105.44,154.31,189.36
7,1767,142.04,134.66,138.88,143.23,72.46,101.8,126.59,115.59,51.36,51.46,78.42,136.14,140,119.66,97.01,111.01,107.64,154.31,189.36
8,1767,142.29,132,133.11,131.92,71.6,112.85,126.64,115.32,52.81,51.46,79.45,139.34,136.89,122.83,94.81,104.08,99.61,141.92,189.36
9,1767,144.94,129.28,117.14,134.18,72.46,122.62,122.97,116.13,56.42,51.46,80.23,136.14,131.85,145.77,96.2,102.69,106.97,134.44,189.36
10,1767,133.79,130.76,117.58,129.35,75.03,113.39,110.01,119.22,72.34,74.44,80.49,133.3,128.56,144.76,94.16,101.76,99.12,129.76,189.36
11,1767,136.89,132.64,128.23,137.23,75.46,104.43,108.69,118.21,60.4,57.29,83.32,133.3,126.04,142.61,95.19,105.28,105.01,151.74,189.36
12,1767,141.77,138.16,118.03,143,78.04,101.73,107.2,118.68,64.38,61.06,82.81,131.03,123.71,141.97,87.11,104.08,101.15,151.5,189.36
1,1768,148.66,136.54,120.69,132.62,79.75,96.54,109.3,116.39,66.19,62.78,83.84,136.14,126.04,135.25,91.2,101.76,100.1,142.15,189.36
2,1768,131.31,140.63,127.79,133.64,84.04,97.69,109.3,120.89,72.34,51.46,87.19,119.12,126.04,129.93,90.63,104.08,99.61,160.86,189.36
3,1768,127.42,133.23,106.05,135.43,74.18,93.18,115.61,118.41,55.7,52.83,87.19,113.45,106.06,132.21,86.68,107.59,99.61,162.03,184.62
4,1768,123.88,135.7,107.82,135.2,74.61,92.3,114.56,117.54,51.36,51.46,89.26,110.61,104.71,133.1,86.58,107.13,97.04,162.73,182.27
5,1768,123.88,133.23,109.15,137.54,80.18,94.32,116.87,120.89,54.25,51.46,81.78,102.1,96.95,129.3,91.65,107.31,99.31,166.7,189.36
6,1768,122.39,137.18,106.49,137.93,78.46,95.67,122.97,118.68,54.25,51.46,85.9,108.48,101.8,128.41,87.01,107.31,99.92,168.34,183.03
7,1768,122.02,136.93,114.92,139.25,78.46,98.57,126.82,119.22,54.25,51.46,83.07,106.36,100.25,123.97,89.15,102.97,99.61,172.31,184.62
8,1768,121.4,128.3,107.82,130.67,76.32,95.47,133.13,114.18,54.25,51.46,82.29,113.45,100.25,126.76,89.22,100.19,96.06,120.17,184.62
9,1768,123.39,103.62,112.7,129.11,74.18,97.02,134.52,120.89,59.32,51.46,83.32,105.51,94.62,121.69,94.32,96.21,94.4,121.11,189.36
10,1768,136.27,116.45,110.93,118.58,75.03,98.36,142.93,120.89,56.42,51.46,88.48,105.51,96.95,118.9,94.72,96.21,91.95,122.75,170.42
11,1768,144.52,129.28,119.8,126.15,76.75,106.11,137.89,120.89,60.4,51.46,90.8,107.77,96.95,118.27,100.74,103.61,104.21,133.74,170.42
12,1768,133.17,130.76,125.57,124.82,78.04,94.32,117.71,120.89,58.23,51.46,90.29,108.48,103.35,124.61,98.53,87.89,85.09,138.18,151.48
1,1769,142.46,123.36,124.68,122.25,77.18,85.36,115.61,120.89,48.1,51.46,98.29,110.61,99.47,122.58,100.5,92.51,90.42,141.22,151.48
2,1769,123.88,138.16,110.93,118.97,78.46,67.37,117.71,120.89,48.1,51.46,103.19,102.1,96.95,120.42,108.64,83.26,79.69,140.28,151.48
3,1769,133.17,128.3,113.59,115.69,77.18,94.32,119.81,120.89,46.66,51.46,99.58,107.77,98.5,116.24,104.04,92.51,90.42,132.57,189.36
4,1769,125.94,130.76,114.48,111.17,72.89,74.11,126.12,107.46,48.1,51.46,84.61,107.77,98.5,120.42,103.05,87.89,70.5,120.88,189.36
5,1769,137.83,98.69,125.57,112.18,71.6,80.85,126.12,120.89,48.1,51.46,78.42,102.1,92.1,114.08,106.27,87.89,85.82,122.75,189.36
6,1769,133.05,101.16,112.7,112.65,80.61,80.85,142.09,120.89,48.1,51.46,80.49,102.1,96.95,115.73,102.12,92.51,107.28,127.42,189.36
7,1769,132.97,118.43,128.23,119.6,77.18,76.33,145.74,120.89,54.25,85.76,80.23,102.1,96.95,118.27,105.18,89.46,93.97,128.59,189.36
8,1769,141.22,134.22,134.45,121.7,72.46,80.85,158.07,120.89,60.4,64.49,77.39,102.1,95.01,115.35,104.1,92.51,107.28,127.89,189.36
9,1769,161.04,143.1,133.11,120.92,71.6,80.85,159.75,120.89,57.15,71.36,77.39,102.1,96.95,114.08,100.74,92.51,85.82,122.75,189.36
10,1769,144.52,129.92,131.78,118.97,75.03,80.85,154.15,120.89,54.25,74.44,79.97,102.1,99.47,111.93,104.69,92.51,85.82,126.25,189.36
11,1769,135.38,126.17,129.12,115.38,78.46,84.22,130.92,117.54,56.42,73.41,79.71,104.94,98.5,111.93,105.68,113.33,88.89,119.01,184.62
12,1769,130.07,134.46,129.56,118.5,83.18,78.62,124.01,114.18,51.36,65.87,79.2,106.36,99.47,114.08,105.18,112.59,91.95,127.66,179.89
1,1770,123.88,138.16,133.11,113.12,85.75,74.11,126.12,120.89,54.25,68.61,87.19,102.1,96.95,114.08,108.64,111.01,91.95,128.59,170.42
2,1770,136.27,138.16,122.02,113.59,71.6,80.85,126.12,117.54,57.15,77.19,79.45,102.1,116.34,114.08,101.23,92.51,91.95,128.59,189.36
3,1770,128.02,139.4,129.56,115.69,78.46,77.48,128.02,117.54,55.34,71.36,78.94,102.1,126.04,110.92,103.7,101.76,91.95,133.5,189.36
4,1770,123.88,140.63,138.88,114.37,75.46,74.11,134.52,114.18,54.25,68.61,73,97.85,121.19,103.06,106.67,92.51,73.56,129.99,189.36
5,1770,123.88,139.79,153.97,115.07,82.32,67.37,134.52,110.82,54.25,62.78,76.36,102.1,111.49,105.59,106.17,92.51,73.56,132.57,189.36
6,1770,136.27,140.63,166.39,120.92,84.04,80.85,132.42,107.46,54.25,62.78,78.42,110.61,106.65,107.75,106.67,111.01,85.82,137.48,189.36
7,1770,123.88,143.1,166.39,124.82,78.46,80.85,134.52,100.75,63.29,65.87,75.33,119.12,101.8,95.07,104.69,111.01,85.82,140.28,189.36
8,1770,136.27,140.63,190.35,132.62,78.46,80.85,138.73,100.75,72.34,68.61,77.39,106.36,116.34,120.42,96.3,111.01,85.82,143.32,189.36
9,1770,123.88,144.73,199.67,128.72,78.46,74.11,131.72,102.42,66.19,60.03,77.39,130.47,119.64,126.76,97.13,101.76,79.69,142.15,189.36
10,1770,123.88,140.63,201.45,124.35,80.61,80.85,124.72,107.46,66.19,61.41,76.36,131.88,133.4,122.58,99.26,111.01,85.82,142.85,189.36
11,1770,123.88,143.1,179.26,133.01,80.61,80.85,122.62,105.25,54.25,55.23,75.07,144.65,140.58,126.76,99.26,111.01,85.82,149.17,189.36
12,1770,123.88,140.63,133.11,134.57,80.61,80.85,120.45,107.46,56.42,53.52,76.87,153.15,145.43,136.27,98.17,111.01,85.82,151.97,189.36
1,1771,128.02,141.47,133.11,127.4,81.04,80.85,121.91,107.46,60.4,51.46,76.62,116.28,135.73,126.76,101.08,111.01,85.82,148,189.36
2,1771,130.07,143.1,130.9,129.35,78.46,80.85,121.91,107.46,60.4,51.46,75.33,119.12,135.73,126.76,93.83,111.01,85.82,143.32,189.36
3,1771,130.07,143.1,147.76,132.62,78.46,80.85,130.32,107.46,60.4,54.2,81.78,102.1,135.73,114.08,104.69,111.01,85.82,157.82,189.36
4,1771,123.88,148.03,151.75,133.64,78.46,80.85,134.52,107.46,60.4,57.29,81.78,119.12,130.88,114.08,104.69,111.01,85.82,160.86,189.36
5,1771,125.94,138.16,146.87,137.15,76.32,80.85,134.52,100.75,60.4,57.29,76.62,112.02,119.64,124.61,93.83,122.12,85.82,163.66,189.36
6,1771,127.6,144.09,151.75,138.94,74.18,80.85,134.52,109.68,57.15,54.2,79.2,134.01,126.04,130.56,101.93,111.01,85.82,168.34,189.36
7,1771,128.02,143.1,163.73,135.9,71.6,87.58,134.52,117.54,60.4,57.29,78.42,136.14,122.74,126.76,102.38,120.27,91.95,163.66,189.36
8,1771,123.88,140.14,167.72,132.62,72.46,94.32,137.89,114.18,58.95,56.6,84.61,141.24,127.97,135.63,95.51,129.52,98.08,149.17,189.36
9,1771,125.94,141.47,177.49,137.85,73.75,80.85,149.94,117.54,60.4,58.66,91.84,137.55,129.33,139.44,97.44,111.01,85.82,155.95,189.36
10,1771,123.88,143.1,162.84,138.47,75.03,80.85,151.34,117.54,60.4,51.46,94.67,136.14,126.04,126.76,108.64,111.01,85.82,163.66,189.36
11,1771,123.88,144.09,167.28,145.81,76.32,76.33,134.52,120.89,61.85,44.25,99.32,140.39,145.43,136.27,100.35,117.21,89.93,165.07,189.36
12,1771,139.37,143.1,161.07,148.23,76.75,80.85,134.52,130.97,54.25,45.63,116.09,140.39,140.58,133.1,101.23,111.01,85.82,163.66,189.36
1,1772,130.07,148.03,155.3,148.23,78.46,107.8,134.52,134.33,54.25,45.63,109.64,136.14,135.73,126.76,104.69,138.77,91.95,175.35,189.36
2,1772,123.88,138.16,155.3,148.23,75.03,107.8,134.52,134.33,63.29,60.03,107.57,136.14,155.12,126.76,88.89,138.77,91.95,181.2,189.36
3,1772,133.17,140.63,157.96,149.71,73.32,94.32,141.89,141.04,60.4,57.29,97.77,131.88,143.1,129.93,96.55,129.52,98.08,179.79,189.36
4,1772,136.27,143.1,165.06,149.01,69.03,94.32,151.34,154.48,54.25,51.46,81.26,119.12,132.43,123.59,98.43,129.52,98.08,177.69,189.36
5,1772,140.41,145.57,175.71,155.56,72.46,94.32,157.86,167.91,54.25,51.46,78.42,119.12,126.04,129.93,99.26,129.52,98.08,184.24,189.36
6,1772,148.66,157.9,176.6,161.1,75.03,94.32,166.05,161.19,52.08,51.46,82.03,125.93,127.97,126.76,96.79,129.52,98.08,187.51,189.36
7,1772,173.43,159.14,169.94,167.34,72.03,98.84,169.84,176.84,49.19,51.46,80.49,118.27,126.81,130.94,96.63,129.52,109.3,187.98,192.5
8,1772,148.66,164.47,167.72,165.78,71.6,94.32,168.15,181.34,54.25,51.46,82.29,123.37,129.33,126.76,95.8,129.52,110.34,185.17,227.23
9,1772,148.66,161.6,161.07,165.31,71.6,94.32,171.52,161.19,58.23,53.52,85.65,116.28,129.91,133.1,99.59,129.52,108.32,187.04,227.23
10,1772,136.27,161.21,169.94,163.83,77.18,97.69,169.55,161.19,90.42,85.76,93.13,121.96,126.04,130.94,97.44,134.14,107.28,183.07,217.76
11,1772,132.13,166.54,158.85,163.83,79.75,94.32,167.11,161.19,108.51,102.92,97.51,119.12,118.86,126.76,95.07,129.52,107.28,176.05,227.23
12,1772,144.52,162.84,150.86,158.76,83.61,103.28,153.44,149.98,102.36,97.08,93.38,99.98,113.04,116.24,96.63,141.82,109.3,167.64,227.23
1,1773,136.27,167.77,166.39,156.03,78.46,94.32,142.93,127.61,90.42,94.34,85.9,85.09,106.65,101.41,93.83,138.77,107.28,175.35,227.23
2,1773,136.27,157.9,173.94,156.03,82.32,107.8,151.34,120.89,51.36,94.34,90.29,102.1,116.34,114.08,94.81,138.77,110.34,175.35,208.29
3,1773,136.27,151.34,153.97,156.03,76.32,98.84,151.34,120.89,52.81,79.93,88.23,100.4,114.4,119.16,91.85,132.57,106.23,185.87,217.76
4,1773,136.27,148.03,137.99,150.18,71.6,94.32,151.34,117.54,54.25,95.71,83.84,102.1,111.49,122.58,98.77,129.52,107.28,187.04,208.29
5,1773,136.27,151.34,134.89,143.55,73.32,112.31,152.18,120.89,66.19,54.2,85.9,102.1,110.52,120.42,96.3,126.46,122.6,178.39,208.29
6,1773,136.27,148.03,133.11,137.85,73.75,94.32,148.53,122.57,60.4,55.92,85.13,102.1,103.35,118.27,101.23,120.27,116.47,163.66,208.29
7,1773,136.27,152.97,135.78,143.7,73.75,94.32,144.06,127.81,64.38,51.46,82.29,110.61,116.34,143.62,98.77,121.47,104.21,167.64,208.29
8,1773,136.27,151.98,135.78,151.5,70.75,94.32,144.61,120.89,66.19,62.78,82.29,117.71,106.65,139.44,99.16,123.97,105.44,170.44,208.29
9,1773,136.27,148.03,133.11,144.33,73.32,94.32,142.93,122.57,60.4,74.44,80.74,119.12,116.34,139.44,98.77,120.27,110.34,175.35,208.29
10,1773,136.27,157.9,130.45,143.7,76.32,94.32,124.72,124.25,57.15,85.76,81,121.96,129.33,130.94,98.77,129.52,122.6,171.38,236.69
11,1773,123.88,148.03,118.47,144.33,72.46,101.06,124.72,124.25,57.15,79.93,79.45,116.28,132.43,126.76,104.69,120.27,122.6,165.07,236.69
12,1773,136.27,148.03,120.25,144.33,75.03,107.8,115.61,127.61,54.25,85.76,79.45,116.99,126.04,126.76,108.64,129.52,110.34,166.7,202.61
1,1774,136.27,148.03,122.02,148.23,76.75,107.8,113.5,127.61,58.95,85.76,81.78,110.61,126.04,114.08,110.62,124.89,110.34,169.51,212.08
2,1774,148.66,157.9,122.02,146.28,76.75,94.32,117.71,117.54,60.4,74.44,81.78,119.12,116.34,114.08,108.64,129.52,122.6,175.35,202.61
3,1774,148.66,157.9,122.02,146.28,71.6,94.32,117.71,117.54,49.91,71.36,79.45,119.12,116.34,114.08,108.64,129.52,122.6,175.35,202.61
4,1774,123.88,148.03,122.02,147.29,73.75,107.8,114.9,117.54,39.06,68.61,77.39,106.36,116.34,120.42,108.64,129.52,122.6,177.22,202.61
5,1774,123.88,157.9,118.47,144.33,78.46,107.8,142.93,114.18,39.06,68.61,79.45,110.61,116.34,126.76,108.64,120.27,110.34,181.2,236.69
6,1774,123.88,157.9,112.7,144.33,82.32,107.8,111.82,115.86,51.36,79.93,82.81,127.63,116.34,139.44,113.72,122.58,110.34,157.82,212.08
7,1774,123.88,155.93,114.48,136.52,78.46,105.1,110.7,110.82,51.36,68.61,79.45,127.63,135.73,152.11,110.62,129.52,112.79,151.97,181.78
8,1774,123.88,153.96,136.66,136.52,71.6,102.41,113.5,110.82,51.36,68.61,73,127.63,135.73,152.11,110.12,124.89,115.25,151.97,190.3
9,1774,136.27,151.98,120.25,139.49,75.03,99.71,121.91,109.14,36.17,60.03,69.91,136.14,155.12,152.11,110.62,138.77,117.7,157.82,198.82
10,1774,136.27,150.01,142.43,133.64,78.46,97.02,120.23,107.46,48.1,51.46,73,127.63,150.27,145.77,110.62,134.14,120.15,134.44,213.03
11,1774,140.41,148.03,137.55,134.57,79.32,94.32,115.19,107.46,54.25,60.03,77.39,141.24,162.88,136.9,108.64,129.52,122.6,151.97,227.23
12,1774,148.66,152.97,136.66,138.47,78.46,104.43,102.29,107.46,60.4,85.76,81,127.63,145.43,130.94,107.42,120.27,122.6,159.69,227.23
1,1775,130.07,148.03,133.11,136.52,78.46,101.06,100.89,107.46,60.4,77.19,81.78,119.12,135.73,114.08,106.67,111.01,122.6,157.82,189.36
2,1775,136.27,148.03,144.21,130.67,75.03,94.32,100.89,107.46,60.4,85.76,79.45,136.14,164.82,139.44,114.57,111.01,98.08,163.66,227.23
3,1775,133.79,152.97,129.56,118.5,77.18,94.32,102.99,104.1,48.1,85.76,80.74,119.12,135.73,129.93,99.75,111.01,98.08,149.17,227.23
4,1775,148.66,157.9,144.21,117.02,78.46,94.32,100.89,97.39,48.1,85.76,79.45,136.14,135.73,126.76,100.01,124.89,168.58,140.28,227.23
5,1775,136.27,157.9,122.02,105.32,71.6,111.16,100.89,95.71,54.25,102.92,73,119.12,135.73,126.76,101.37,108.7,153.25,134.44,250.9
6,1775,154.85,144.33,116.7,109.22,72.03,92.64,104.05,100.75,63.29,107.38,77.13,127.63,123.71,125.24,101.23,99.45,153.25,133.03,246.16
7,1775,142.46,143.1,137.55,126.77,66.89,121.27,110.01,114.72,80.29,148.54,76.62,119.12,116.34,114.08,100.4,108.7,171.64,137.48,246.16
8,1775,142.46,145.57,144.21,118.97,67.75,121.27,132.42,119.22,99.46,167.41,76.36,119.12,116.34,107.75,97.54,115.64,162.45,129.99,250.9
9,1775,142.46,135.7,129.56,118.97,75.03,121.27,142.93,134.33,106.34,171.53,75.33,119.12,116.34,101.41,99.02,101.76,153.25,114.1,255.63
10,1775,142.46,,114.48,119.21,82.32,,119.81,137.69,103.08,167.41,81.78,,,,112.59,,,112.69,260.36
11,1775,142.46,,118.47,119.44,76.75,,96.69,141.04,99.46,162.95,79.45,,,,111.11,,,111.06,265.1
12,1775,142.46,,110.93,117.02,76.75,,96.69,141.04,99.46,162.95,83.84,,,,111.11,,,111.06,265.1