,,,Bread,,,,,Flour,Flour,Flour,,Iron,Leather,,,,,Rum,Sugar,Sugar,,Tea,,,,
,,Beef,Ship,Chocolate,Coffee,Corn,Cotton,Common,Middling,Superior,Indigo,Bar,Sole,Molasses,Pepper,Pork,Rice,West Indian,Loaf,Muscavado,Tar,Bohea,Tobacco,Turpentine,Wheat,Wine
m,y,Pounds per barrel,Shillings per hundredweight,Pence per pound,Pence per pound,Shillings per bushel,Shillings per pound,Shillings per hundredweight,Shillings per hundredweight,Shillings per hundredweight,Shillings per pound,Pounds per ton,Shillings per pound,Shillings per gal,Shillings per pound,Pounds per barrel,Shillings per hundredweight,Shillings per gal,Shillings per pound,Pounds per hundredweight,Shillings per barrel,Shillings per pound,Shillings per hundredweight,Shillings per barrel,Shillings per bushel,Pounds per pipe
1,1770,2.5,13,18,15.5,3,1.17,14.5,15,17.5,11.5,23,1.33,2,3.75,3.75,18,3.38,0.92,2.75,12,5.3,24.8,15,5.5,45
2,1770,2.75,13,18,15,2.75,1.25,14.6,14,17.5,11.5,23,1.33,1.67,4.33,3.75,17.5,3.08,1.04,2.56,10,5.25,31.2,15,5.5,50
3,1770,2.58,13.2,18,15.5,2.92,1.25,14.8,13.4,17.4,11.5,23,1.33,1.83,4.33,3.81,17.5,3.06,1,2.62,11,5.25,31.2,15,5.71,50
4,1770,2.5,13.2,17,14.7,3.13,1.21,14.7,14,17.8,11.5,23,1.33,1.76,4.33,4,17,2.83,1.02,2.7,10,5,31.2,12,5.56,50
5,1770,2.5,13.3,16,15.7,3.47,1.33,14.8,13.9,18.5,11.5,23,1.33,1.92,4.33,4,16.5,2.96,1.01,2.69,10,7.5,31.2,12,5.67,50
6,1770,2.75,13.5,16,15.8,3.75,1.5,15.5,13.8,19.2,11,23,1.33,1.96,4.33,3.94,16,3.04,1,2.7,12,7.5,31.2,14,5.88,50
7,1770,2.5,13.5,17,16.5,3.75,1.33,16,15,19.5,10.5,23,1.33,1.83,5,4,15,2.92,1,2.65,12,7.5,20,14,6,50
8,1770,2.75,14.5,16,15.5,4.29,1.33,17,15.9,20,10,24,1.33,1.83,5,4.12,15,3,1,2.44,12,7.5,20,14,6.13,50
9,1770,2.5,15.1,16,16.4,4.5,1.42,16.5,16.1,20.3,10,23,1.33,1.83,5,3.92,15.2,3,1,2.46,11,7.25,26.2,13,6.08,50
10,1770,2.5,15.2,16.1,16.7,4.54,1.33,15.9,15.8,21,10,23,1.33,1.88,4.93,3.71,16,2.96,1,2.51,12,6,32.5,14,6.11,50
11,1770,2.5,15.6,16,16.2,4.04,1.33,17,16.4,21.2,10,23,1.33,1.88,2.83,3.65,15.7,2.91,0.99,2.51,12,6,32.5,14,6.38,50
12,1770,2.5,16.1,16,16,3,1.33,17.2,16.4,20.8,10,24,1.33,1.88,2.83,3.58,16,2.98,0.98,2.48,12,5.88,32.5,14,6.5,50
1,1771,2.58,15,16,16,3,1.25,16.3,15.4,20.4,10,23.5,1.33,1.89,2.92,3.62,16,2.97,0.97,2.56,12,5.5,32.5,14,6.33,50
2,1771,2.62,15,16,16,2.95,1.17,16.6,17,20,10,24,1.33,1.83,3,3.62,16,3,0.96,2.38,12,5.5,32.5,14,6.13,50
3,1771,2.62,15,16,16,3.33,1.33,17,17,20.5,9.25,24,1.33,1.83,3,3.88,16,3.17,0.96,2.65,12,5.5,32.5,14,6.75,50
4,1771,2.5,15,15,15,3.42,1.25,17.1,17,20.4,8.5,24,1.33,1.83,2.17,4,16,3.17,0.96,2.65,12,5.38,32.5,14,6.88,50
5,1771,2.54,16,14.8,14,3.31,1.42,17.6,16.9,20.7,10.3,24,1.33,1.78,2.2,4,15,2.97,1,2.38,13.2,5.25,32.5,14,7,50
6,1771,2.58,16.5,14,15.9,3.42,1.25,17.8,17.9,22.3,10.5,24,1.33,1.73,2.25,4,16.3,3.07,0.98,2.58,12,5.08,32.5,14,7.2,50
7,1771,2.58,16.4,15,16,3.69,1.25,17.4,18,21.9,11,24,1.33,1.67,2.25,4,17.5,3.04,0.97,2.59,13,5,32.5,15,7,50
8,1771,2.5,15.7,15,15,3.78,1.25,17,18,21.2,11.5,24,1.33,1.69,2.25,4.1,17,3.28,1,2.42,14,4.75,32.5,16,6.38,50
9,1771,2.54,15.8,15,16,4,1.25,17.7,18,21.6,11.3,24,1.33,1.72,2.31,4.46,17.5,3.56,0.99,2.47,12,4.33,32.5,14,6.67,50
10,1771,2.5,15.5,15.5,15.5,3.67,1.17,17.8,18,21.5,11.1,24,1.33,1.75,2.31,4.5,17.5,3.67,0.96,2.75,12,4.5,32.5,14,7,50
11,1771,2.5,15.9,15.3,15.5,3.77,1.17,18.7,18,21.4,10.8,24.3,1.33,1.78,2.25,4,18,3.85,0.98,2.54,12.7,4.17,32.5,14.7,7.06,50
12,1771,2.81,16.2,15.1,15,3.63,1.17,19,18,21.2,11.5,25,1.33,1.79,2.17,4,19.5,4.5,0.96,2.56,12,4.25,32.5,14,7,50
1,1772,2.62,16.5,16,16,3.5,1.17,19,17.9,21.8,11.8,25,1.33,1.83,2.08,4,20,4.25,0.96,2.65,15,4.25,32.5,15,7.5,50
2,1772,2.5,17,15.4,16,3.5,1.17,19,18.5,22.2,12,26,1.33,1.75,2,4,20,4.1,0.96,2.38,15,4.08,32.5,15,7.75,50
3,1772,2.69,17,14,16,3.56,1.17,19.2,19.3,22.8,12,26,1.33,1.71,2.25,4.22,21,3.79,0.95,2.44,14,4,32.5,16,7.69,50
4,1772,2.75,17.3,14.3,15,3.72,1.17,19.1,20,23,11.2,26,1.25,1.61,2.25,4.5,23,3.15,0.94,2.49,14,4,32.5,16,7.6,50
5,1772,2.83,21,14.5,15.4,3.96,1.33,19.9,20,23.2,10.3,26.5,1.3,1.69,2.25,4.69,25,3.04,0.94,2.51,14,4,32.5,16,7.88,50
6,1772,3,22.7,14.4,15.9,3.98,1.33,20.6,21,23.8,10.2,28,1.33,1.75,2.25,4.94,24,3.18,0.95,2.45,14,4,32.5,16,8.02,50
7,1772,3.5,22.5,13.7,15,3.83,1.28,21.4,21.8,23.5,11,28,1.33,1.68,2.25,5.05,26.3,3.12,0.94,2.45,14,4,32.5,17.8,8.04,50.8
8,1772,3,20.8,14,16,3.78,1.33,21.2,21.8,23.5,10.7,28,1.33,1.67,2.25,5,27,3.19,0.95,2.42,14,4,32.5,18,7.92,60
9,1772,3,21.2,14.5,15.2,3.63,1.33,21.2,21.6,23.4,11,28,1.38,1.67,2.25,5.1,24,3.32,0.94,2.52,14,4.17,32.5,17.7,8,60
10,1772,2.75,21.2,14.7,16,3.83,1.33,21,21.1,23.5,11.5,28,1.33,1.8,2.17,5.04,24,3.61,0.93,2.47,14.5,4.25,36.2,17.5,7.83,57.5
11,1772,2.67,21.4,15,15.1,3.58,1.33,21,21.2,23.4,11.5,28,1.37,1.86,2.25,4.97,24,3.78,0.95,2.41,14,4.25,33.1,17.5,7.53,60
12,1772,2.92,20.8,14,14.8,3.4,1.33,20.4,20.5,23.2,12,27.3,1.33,1.95,2.17,4.56,22.3,3.62,0.94,2.45,15.3,4.25,30,17.8,7.17,60
1,1773,2.75,20,15,14,3.75,1.33,20,20,23.5,12.5,28,1.37,1.83,2,4.25,19,3.33,0.96,2.38,15,4.37,30.25,17.5,7.5,60
2,1773,2.75,19,16,15.2,3.92,1.33,20,19.7,23,11.2,27,1.42,1.92,2,4.5,18,3.5,0.92,2.4,15,4.17,30.49,18,7.5,55
3,1773,2.75,18.2,15,13.7,3.47,1.28,20,19.6,22.5,10,27,1.33,1.78,2.17,4.5,18,3.42,0.92,2.32,14.3,4,30.74,17.3,7.95,57.5
4,1773,2.75,18.2,14.5,11.5,3.11,1.63,19.2,19.8,22.2,10,26,1.42,1.67,2.17,4.5,17.5,3.25,0.92,2.5,14,4,30.98,17.5,8,55
5,1773,2.75,18,14.9,11.3,3.04,1.5,18.4,18.4,22,10,26,1.42,1.71,2.21,4.52,18,3.33,0.92,2.44,13.7,4,31.23,20,7.63,55
6,1773,2.75,16.7,16.2,11,3,1.58,17.7,18,21,10,25.8,1.42,1.72,2.18,4.42,18.2,3.3,0.92,2.56,13,4.25,31.47,19,7,55
7,1773,2.75,17,17,11.5,3.06,1.58,18.4,17.9,21.2,10,25.4,1.42,1.72,2.5,4.28,19,3.19,0.92,2.5,13.1,4.5,31.72,17,7.17,55
8,1773,2.75,16.5,15,11.5,3.06,1.5,19.4,19.2,21.6,9.91,26,1.42,1.65,2.25,4.3,18,3.19,0.92,2.51,13.4,4.75,31.96,17.2,7.29,55
9,1773,2.75,16.2,17,11.4,3,1.46,18.5,19.9,22.9,10.1,26,1.42,1.71,2.17,4.25,18.2,3.13,0.92,2.5,13,4.63,32.21,18,7.5,55
10,1773,2.75,16.3,14.8,10.3,2.94,1.5,18.4,19.2,22.8,10,27,1.42,1.78,2.25,3.71,18.5,3.14,0.92,2.5,14,4.5,32.45,20,7.33,62.5
11,1773,2.5,15.7,15.5,10,2.67,1.33,18.5,19,23.9,10,27,1.42,1.69,2.22,3.71,18.5,3.08,0.92,2.65,13,6,32.7,20,7.06,62.5
12,1773,2.75,15.8,16.6,10,2.71,1.25,18.5,18,22,10,26,1.42,1.75,2.21,3.44,19,3.08,0.96,2.75,14,6,32.94,18,7.13,53.5
1,1774,2.75,15.5,19,9.63,2.75,1.25,19,18.5,21.5,12,25,1.42,1.83,2.33,3.38,18.4,3.33,1,2.8,13.5,5.76,33.19,18,7.5,56
2,1774,2.75,15,20,11.1,2.75,1.58,18.8,18.5,21.5,11.1,28,1.42,1.79,2.43,3.5,22,3.17,1.04,2.75,14,5.65,33.43,20,7.5,53.5
3,1774,2.75,15,16,11,2.75,1.33,18.8,18.3,21.6,10.2,26,1.42,1.67,2.17,3.5,17.5,3.08,1,2.75,14,5.5,33.68,20,7.5,53.5
4,1774,2.75,15,15,10.1,2.75,1.33,18.9,18.1,21.5,10,26,1.42,1.72,2.25,3.42,17.5,3,1,2.75,14,5,33.92,20,7.58,53.5
5,1774,2.75,15,16,10.1,2.67,1.33,18.5,18,21.6,10,26,1.42,1.83,2,4.25,17,3.08,1,2.75,13,5.5,34.17,18,7.75,62.5
6,1774,2.75,15,17.7,9.37,2.54,1.58,18.5,18.1,21.4,9.88,26,1.42,1.67,2.25,3.32,17.2,3.25,1.12,2.88,13.2,6,34.41,18,7,56
7,1774,2.75,14.5,17.8,9,2.58,1.67,18.8,18.4,21.7,9.5,26.4,1.42,1.83,2.5,3.29,16.5,3.25,1.12,2.8,13.4,5.33,34.66,18.4,7,48
8,1774,2.5,14.5,16,9.33,3.08,1.75,17.5,18.7,22.5,9,26,1.42,1.67,2.25,3.38,17.9,2.83,1.12,2.79,13.5,5,34.9,18.8,6.5,50.2
9,1774,2.75,13.8,17,8.5,2.71,1.83,17.9,18,22.5,9,26,1.42,1.75,2.29,3.62,17,2.71,1.08,2.85,15,5,35.15,19.2,6.75,52.5
10,1774,2.75,14,16,9.79,3.21,1.58,17.1,17.1,21.7,10.4,26,1.44,1.83,3.06,3.58,16,2.83,1.08,2.8,14.5,5,35.39,19.6,5.75,56.2
11,1774,2.83,14,20,12,3.1,1.33,17.2,16.9,21.3,10,26,1.42,1.85,3.4,3.42,16,3,1.08,2.75,14,5.5,35.64,20,6.5,60
12,1774,3,13.6,20,10.1,3.08,1.83,17.8,17.6,21,10,26,1.42,1.83,3,3.04,16,3.14,1.08,2.72,13,4,35.88,20,6.83,60
1,1775,2.62,13.5,18.5,9.5,3,1.83,17.5,17,21.5,9.83,26,1.38,1.83,2.42,3,16,3.17,1.08,2.7,12,4.5,36.13,20,6.75,50
2,1775,2.75,13,18.8,10.1,3.25,1.83,16.8,17,21.5,9.67,26,1.36,1.75,2.42,3,16,3.08,1.08,2.9,12,3.83,36.37,21.5,7,60
3,1775,2.7,13,17,10,2.92,1.92,15.2,17,21.5,9.5,26,1.42,1.8,2.42,3.06,15.5,3.13,1.08,2.52,12,3.83,36.62,25,6.38,60
4,1775,3,13,18.5,9.5,3.25,2,15,15.5,20.8,9.55,25.7,1.5,1.83,2.42,3,14.5,3.08,1.08,2.53,13.5,3.83,36.86,27.5,6,60
5,1775,2.75,13,18.5,10.5,2.75,2.05,13.5,15.5,18.5,9.6,23.9,1.42,1.67,2.42,3,14.2,2.83,1.08,2.57,11.8,3.83,37.11,25,5.75,66.2
6,1775,3.12,12.9,18.5,12,2.63,2.09,14,15.5,18.5,11.7,23.9,1.42,1.68,2.42,3.09,15,2.99,1.17,2.56,10.8,3.83,37.35,25,5.69,65
7,1775,2.88,13.9,18.5,12,3.1,2.17,16.2,15.5,18.5,11.5,24.3,1.42,1.56,2.42,3.27,17.1,2.97,1.13,2.54,11.8,4.75,37.6,28,5.88,65
8,1775,2.88,15,18.5,11,3.25,2.25,15.2,15.5,18.5,11,24.2,1.42,1.58,2.42,3.94,17.8,2.96,1.13,2.47,12.5,4.75,37.84,26.5,5.56,66.2
9,1775,2.88,13.9,18.5,11,2.92,2.22,15.2,15.5,18.5,11,23.2,1.42,1.75,3.25,4.25,20,2.92,1.13,2.51,11,4.75,38.09,25,4.88,67.5
10,1775,2.81,13.3,16.8,11.6,2.58,2.2,13,15,18,10,24,1.5,1.75,3.5,4,20.5,3.08,1.13,2.85,15,4.75,38.33,25,4.5,68.8
11,1775,2.81,12.8,15,12,2.67,2.17,12.5,15,18,11.8,22.5,1.5,1.79,3.75,2.88,21,3.08,1.13,2.81,15,4.75,38.58,26,4.75,70
12,1775,2.81,12.9,16,11.5,2.5,2.17,12.5,15,18,12,22.5,1.5,1.79,4.5,2.88,21,3.25,1.13,2.81,15.5,7.5,38.82,27,4.75,70
1,1776,2.81,13,17,11.9,2.67,2.25,14.8,15.8,18,12,26,1.5,1.93,5,2.97,16.5,3.88,1.12,2.87,16,4.69,39.07,28,4.5,65
2,1776,2.81,13,15.5,11.5,2.79,2.25,13.5,15,17.8,12,26.5,1.5,2,5,3,23.43,3.95,1.12,3.02,16,5.5,39.31,29,5,69
3,1776,3.25,13,16,12.3,2.63,2.25,14.8,15,17,14,26.6,1.5,2,5,3.5,30.37,4.5,1.26,3.25,16,7,39.56,30,4.92,68.5
4,1776,3.75,13,17.8,12.7,2.75,3.25,14,13.2,15.1,14.8,26.8,1.59,2.56,5,3.93,37.3,6,1.31,3.25,20,8,39.8,31,4.67,68
5,1776,3.75,12.92,19.5,14.9,2.81,4.25,11.3,13,14.5,16.2,26,1.53,3,6,5.25,37.33,5.31,1.42,4.83,20,7.75,40.05,32,4.06,67.5
6,1776,7.5,12.83,22,14,3,4.25,11.5,12,14,17.5,28,1.5,4,6.25,6,37.37,5.81,1.5,5.57,20,7.5,40.29,33,4.26,72
7,1776,5.41,12.75,21.5,15,2.82,4.25,12,10.9,13.4,18,26.2,1.64,4.25,6.5,7.5,37.4,5.44,2.63,5.38,20,10,40.54,34,4,68.83
8,1776,5.52,12.67,21,15,3.25,4.62,12.9,10.8,13.9,12.5,28.8,1.94,4.25,6.7,7.5,37.43,5.5,3.07,5.5,20,9.71,40.78,35,4.12,65.67
9,1776,5.62,12.58,24,15,2.82,5,13.8,14.8,18.5,13.2,30.4,2.25,4.25,9,7.03,37.47,7,3.5,4.5,18,9.86,41.03,35.83,5.5,62.5
10,1776,4.69,12.5,27,19.5,4.57,5.15,16.5,16.4,21.8,14,30.4,2.62,6.5,10.3,6.56,37.5,8,3.5,4.65,18,10,41.27,36.67,5.5,60
11,1776,4.69,17.8,37.5,24,4.92,5.3,20,17,22.5,13.2,35.8,3,4,11.7,6.69,37,8,3.5,5.6,20,13.5,41.52,37.5,5.92,59
12,1776,6.64,17.4,48,30,5.42,5.45,22,16.9,22.9,13.96,39.8,3.25,4,13,5.54,36.5,17,5,6.06,16,13.5,41.76,37.5,7.47,79.25
1,1777,6.96,17,48,37.5,7.5,5.6,23,20,28,14.71,44.1,4,4,12.5,6.34,36,18,5,12,30,13.5,42.01,40,8,99.5
2,1777,6.75,21,72,48,6,5.75,24,20.4,28.4,15.47,49.2,4,17,12,6.79,35.5,27.5,5,10,24,13.5,42.25,37.93,7.5,119.75
3,1777,6.95,25,45.5,50.7,5.75,6.81,24.2,20.8,29.8,16.22,54.5,4,12.5,16,8.9,35,21.4,4.5,11.2,18,22.5,42.5,35.87,7.83,140
4,1777,9.5,30,45,47,5.94,7.88,23.9,20.4,29.3,16.98,50,3.99,15.5,16,11.5,35,29.8,4.5,11.2,21.5,30,47.5,33.8,7.66,200
5,1777,8.13,33.33,61.2,48,6.87,8.94,23.8,22.5,28.2,17.73,55,4.08,18.5,14,11,36.5,38.2,5,12.4,25,30,60,28.3,7.5,162
6,1777,9.38,36.66,66.6,48,8,10,22.5,22.5,30,18.49,70,3.81,18.5,12,14,38,40.8,10,16,24.8,55,69,37.66,7.5,124
7,1777,11.2,40,70.8,48,8.92,11,27.5,16.2,27.8,19.24,90,3.54,24.8,10,12,45,40,9.38,22.5,27.3,55,55,47.02,7.5,152.92
8,1777,11.2,40,72,77,9.83,12,22.5,22.5,25.4,20,100,3.27,24.5,11.5,13,45,46.7,10.42,32.2,27.3,67.5,62,56.38,7.5,181.85
9,1777,11.2,40.91,72,69,9.82,13,23.2,20,23.4,18,120,3,22.5,10.9,13.1,45,50,11.45,36,27.6,80,60,65.75,7.5,210.77
10,1777,9,41.82,72,102,6.5,14,23,15,23.1,18.64,115,2.5,22.5,13.5,13.6,45,50,12.49,36,22,66.4,64.44,75.11,10,239.69
11,1777,9,42.73,162,135,6.5,15,24.8,16.84,24.9,19.27,150,2.5,22.5,17.3,14,45,50,13.53,33.6,26,59.6,68.89,84.47,12,268.62
12,1777,9.38,43.64,181.5,139.5,10,16,25.2,18.69,25.4,19.91,150,3.33,18,17.7,9.96,45,58.4,14.56,32,42.9,50.6,73.33,93.83,12,297.54
1,1778,10.1,44.55,201.6,144,9.6,17,26.2,20.53,33,20.55,154.9,2.5,20.6,18.4,9.31,45,66.8,15.6,40.5,65.4,28,77.78,103.19,12,326.46
2,1778,9.74,45.45,220.8,168,9,18,26.8,22.38,70,21.18,150,2.44,25.4,17.6,9.5,53.75,80,18.2,49,89.4,33.8,82.22,112.55,12,355.38
3,1778,10.4,46.36,240,192,7.6,18,29.8,24.22,65,21.82,150,2.38,25.8,17.6,9.78,62.5,73.2,17.6,38.3,113.8,41.6,86.67,121.92,12,384.31
4,1778,10.2,47.27,225.6,170.4,7.6,18,31.6,26.07,63.4,22.45,170,2.31,30,17.4,9.78,71.25,66.4,18,36.4,145.8,44,91.11,131.28,12,413.23
5,1778,10.5,48.18,210,127.2,7.6,17,29.8,27.91,61.6,23.09,198.2,2.25,25,17.2,9.75,80,64.8,14.8,40,179.2,57.6,95.56,140.64,12,442.15
6,1778,12,49.09,224.4,90,7.6,16,32,29.76,60,23.73,205.9,4.31,20,17.6,9.78,80,65,10,35,179.8,57.6,100,150,12,471.08
7,1778,10.1,50,240,120,14.2,15,49.6,31.6,60.2,24.36,201.5,6.38,40,18,10.9,80,86.6,18,30,187.6,60,130,150,12.8,500
8,1778,10.7,50,130.8,84,13.4,15,46.4,44,58.8,25,211.7,8.44,29.6,18.4,13.6,90,64,15,36.1,175.2,52.6,140,165,15,500
9,1778,11.2,50,150,82.32,15.6,19.68,72.6,66.6,89,22.4,221.9,10.5,29.2,22.4,10.9,90,66.4,18,32.2,140,40,150,127.6,18,500
10,1778,11.2,92.5,150,90,22.2,24.35,93.8,80.2,98.6,23.8,228.3,10,33.2,24.2,10.9,97.8,61.8,16.6,31.2,140,37,170,129,25,500
11,1778,10.7,135,150,103.92,24.8,29.03,90,101.6,126.8,24.2,256.5,10,34.6,23.6,19.4,120,73.6,14,38.5,136.8,40,190,135,31.6,500
12,1778,18.8,149,150,150,30.8,33.7,151.2,146,161,25,279.8,12.5,45.8,30,24,130,86,25,58.6,171,55,204,112.6,36.8,635
1,1779,16.5,186.5,266.4,156,38.8,38.38,195.8,170,204,30,294.7,15,42.4,30,38,150,100.4,26,61,160,40,300,144.2,41.4,770
2,1779,50,224,384,168,35,43.05,220,224,262,30,623.6,12.5,74,30,44,180,104,27,67,170,80,290,144.2,45,835
3,1779,50.3,320,390,166.8,55,47.73,210,276,320,45,719,10,80,30,50,258,127,30,67.5,170,80,300,300,85,900
4,1779,55,320,450,180,101.6,52.4,300,314,358,72,754.9,16,90.8,37.6,63.5,336,125,46.2,118.8,180,80,450,300,95,950
5,1779,75,452,540,204,115,54.4,360,360,476,71.2,778.3,16,92.4,47.6,80,336,135,52.4,105,262,90,450,342.86,150,1650
6,1779,84.4,450,540,204,120,56.4,360,300,400,116.96,843,16,92.4,48.4,80,336,135,52.4,117,300,105,500,385.71,120,1485
7,1779,98.4,470,450,180,120,58.4,360,300,400,162.72,765,16,85.8,42.4,70,336,125,46.2,93.2,300,90,500,428.57,120,1320
8,1779,125.2,560,585.6,300,120,55,360,450,400,208.48,782.7,23.41,76,42.4,75,1064,160,47.2,92.5,300,95,500,471.43,180,1897.5
9,1779,77.3,1200,720,510,140,120,572,600,636,254.24,800,30.82,90,224,80,1792,316,67.6,105,300,200,724,514.29,140,2475
10,1779,84.8,1200,720,720,135,120,968,920,938,300,1038.3,38.23,125,376,80,1792,350,80,140,300,250,924,557.14,150,3300
11,1779,220,1200,1012.8,926.4,157.6,120,1400,1060,1356,300,1424.6,45.64,157.8,390,245,1400,380,80,170,300,270,1000,600,300,3080
12,1779,242.5,2170,1080,1172.4,176.6,154,1668,1250,1756,281,1917.1,53.05,200,300,300,1450,446,90,207.5,450,310,1200,848.8,376,4125
1,1780,178.1,2674,1034.4,1170,150,188,1292,1200,1624,262,2032.4,60.45,240,300,242.5,1336,520,90,200,1024,420,1400,1097.6,376,5500
2,1780,253.1,3178,1034.4,1080,180,222,1700,1400,1800,243,2001.8,67.86,336,300,244.4,2068,636,90,235.9,1600,420,1600,1346.4,380,5250
3,1780,450,3682,1080,1080,175,256,1814,1638,1930,224,2279.1,75.27,576,300,400,2800,924,90,350,1600,464,2100,1595.2,400,5000
4,1780,450,2412,1260,1062,222,258,1746,1166,1882,338,2264,82.68,1000,300,580,2800,1100,90,332,1400,600,2200,1844,400,4228.1
5,1780,456.7,2249,1260,954,260,224,1716,1534,1958,338,2482.4,90.09,600,300,580,3250,1100,101.2,286.7,1450,562,2200,2426.8,472,5018.73
6,1780,550,2086,1124.4,810,310,180,1680,1464,1924,318,2628.1,97.5,600,376,500,3700,718,112.4,224.8,1390,600,2400,3009.6,462,5809.37
7,1780,675,2413,1124.4,898.8,324,224,1746.6,1634,1978,300,2839.5,109.13,450,412,587.5,3600,668,129,255.2,1400,600,2500,3592.4,460,6600
8,1780,675,2200,1124.4,922.8,314,199.6,1816,1640,2200,368,3079.3,120.75,442,412,562.5,3600,578,139.6,268.3,1300,600,2650,4175.2,490,7425
9,1780,506.2,2100,1170,877.2,338,202,1954,1534,2292,400,2743.8,132.38,426,534,550,3360,560,150,277.5,1650,700,2700,4758,720,8250
10,1780,506.2,2075,1170,900,320,228,1858,1624,2130,450,2844.8,144,418,654,575,3600,450,170,294.7,1700,644,2650,5340.8,524,9075
11,1780,650,2050,1284,1510.8,352,224,2096,1870,2258,450,3015.6,155.63,542,680,662.5,4000,444,168,416,1700,1000,2700,5923.6,564,9900
12,1780,600,2025,1440,1590,350,344,2188,2192,2594,487.5,3003.5,167.25,534,900,750,4200,710,218,450,1800,800,3000,6506.4,598,10395
1,1781,650,2000,1530,1560,300,378,2396,2076,2738,525,2970.1,178.88,470,818,750,4400,700,204,438.5,1200,700,3306,7089.2,600,10890
2,1781,600,1966.66,1620,1620,360,412,2876,2688,3158,562.5,3376.3,190.5,464,736,825,4400,750,198.8,440,1500,676,3200,7672,1006,11385
3,1781,550,1933.33,2025.6,1950,310,450,2858,2672,3408,600,3274.7,202.13,450,856,900,4931.25,870,208,450.5,1800,676,3600,8254.8,1300,11880
4,1781,900,1900,2430,1950,348,444,2830,3008,3738,824,3818,213.75,524,976,1246.7,5462.5,1200,241.25,475.5,1800,750,3300,8837.6,1056,12375
5,1781,750,4500,2400,1590,550.5,375,3120,3000,3615,955.75,5115,225.38,573,1425,1249.5,5993.75,1200,274.5,484.5,4500,1225.5,9000,9420.4,900,16500
6,1781,633,2625,2400,1710,400.5,375,2955,2325,3540,1087.5,5160,237,559.5,1425,1249.5,6525,1126.5,258,444,4275,1125,7500,10003.2,900,20625
7,1781,634.5,2460,2400,1665,562.5,337.5,2640,1935,3180,1350,5085,237,570,1375.5,1312.5,6525,1104,234,424.5,3060,1050,6000,10586,900,18562.5
8,1781,640.5,2250,2700,1725,525,337.5,2505,1980,2790,1225.5,5160,243,612,1575,1350,6120,1284,250.5,432,3270,1069.5,4275,11168.8,900,16500
9,1781,559.5,2715,4050,1800,562.5,357,2340,2100,2925,1125,5025,250.5,748.5,1800,1312.5,5715,1425,234,499.5,3120,1125,4500,11751.6,937.5,15960
10,1781,499.5,3180,4500,2250,450,375,2700,2085,3210,1125,4950,250.5,808.5,1500,1200,5310,1399.5,213,513,3375,919.5,4500,12334.4,937.5,15420
11,1781,579,3000,4050,2310,562.5,343.5,2835,2160,3330,1125,5175,256.5,900,1200,1312.5,4905,1399.5,225,543,4680,937.5,4875,12917.2,900,14880
12,1781,492,3000,6525,2550,567,363,3060,2625,3720,1125,6375,225,1125,1200,1237.5,4500,1605,225,604.5,5340,919.5,5175,13500,975,14340
1,1782,532.5,2700,5850,2325,604.5,375,2760,2415,3390,1125,6525,225,1125,1200,1087.5,5400,1785,274.5,667.5,4875,1125,5625,13500,937.5,16500
2,1782,492,2700,4200,2025,705,375,2865,2355,3345,1087.5,6570,237,1125,1050,1020,6300,1620,213,543,5625,1188,6000,12000,937.5,16500
3,1782,633,2400,4500,1890,705,375,2760,2220,3375,1050,6750,250.5,1162.5,1050,825,7200,2100,219,568.5,6420,1266,5250,11430,1050,11130
4,1782,457.5,2400,4500,2085,532.5,375,2235,2280,3075,1012.5,6690,250.5,1200,1246.5,804,8100,1800,300,645,6465,2100,6000,18000,937.5,16710
5,1782,562.5,2400,4275,2325,412.5,375,1800,1680,2580,975,6945,250.5,1200,1341,765,9000,1770,337.5,750,6450,2025,5625,15000,937.5,16710
6,1782,634.5,2700,4050,2955,412.5,375,1800,1650,2550,1125,6750,250.5,1725,1500,825,10500,1770,357,874.5,5820,1770,5250,13500,937.5,14805
7,1782,661.5,2700,4050,3600,559.5,349.5,1920,2100,2325,1125,6750,250.5,1725,1530,844.5,9255,2100,412.5,675,5250,1635,5250,12000,1225.5,15465
8,1782,562.5,2700,3975,2700,706.5,393,2475,1965,3000,900,6750,250.5,1650,1425,900,8010,1800,375,693,4125,1450.5,5250,8250,937.5,12645
9,1782,528,2700,3975,3300,825,462,2700,1830,3000,900,6750,250.5,1800,1680,900,6765,1755,375,675,5250,1530,5250,7500,937.5,12375
10,1782,492,2700,4200,4200,750,487.5,2700,2325,3180,900,6840,250.5,1125,1755,900,5520,1770,384,675,4500,1725,6000,7500,1125,14025
11,1782,492,2700,4200,4875,750,487.5,2550,2175,3000,975,7125,250.5,1125,1800,900,5625,1785,357,714,5250,1815,5625,6000,900,15465
12,1782,562.5,2700,4200,5175,1125,469.5,2325,2250,3195,1125,6750,250.5,900,1755,825,5625,1725,337.5,712.5,5250,1680,5625,5625,900,18045
1,1783,562.5,2700,4200,5700,825,487.5,2250,2250,3525,993,6750,250.5,900,1800,825,5013.75,1425,337.5,750,5910,1425,4875,5250,900,20625
2,1783,562.5,2700,3645,4950,768,450,2550,2400,3285,862.5,6375,250.5,750,1425,750,4402.5,1200,337.5,750,4965,1350,4500,4781.25,937.5,18281.25
3,1783,591,2700,3645,4950,712.5,450,2775,2400,3435,862.5,6300,250.5,487.5,1087.5,750,3791.25,862.5,282,624,4020,1012.5,6000,4312.5,919.5,15937.5
4,1783,670.5,2970,3450,2175,675,375,3000,2475,3855,1050,5955,250.5,432,825,582,3180,750,187.5,496.5,3285,957,6750,3843.75,808.5,13593.75
5,1783,750,3240,3450,2250,900,375,3315,2655,3870,1050,6000,250.5,450,562.5,844.5,3030,750,175.5,466.5,2910,900,7320,3375,1153.5,11250
6,1783,750,3300,3450,2250,826.5,375,3450,2805,3930,1050,5385,250.5,318,337.5,810,3990,657,187.5,519,3000,712.5,7125,3000,1200,8250
7,1783,750,3000,3450,2175,937.5,363,3915,3270,4125,1050,4590,250.5,337.5,475.5,778.5,4950,712.5,187.5,499.5,4500,600,7575,3229.29,1248,7500
8,1783,562.5,3300,3300,2280,825,349.5,3555,3045,4170,1200,4500,250.5,349.5,480,799.5,6675,750,213,472.5,4500,612,8250,3458.57,1009.5,7650
9,1783,616.5,3600,3150,2115,706.5,349.5,3555,2925,4290,1200,5085,250.5,354,528,825,8400,750,237,477,4050,600,7875,3687.86,1047,7800
10,1783,619.5,3525,3000,1935,759,349.5,3645,2910,4230,1200,5040,250.5,358.5,562.5,787.5,6540,750,235.5,468,3630,637.5,7680,3917.14,1024.5,7950
11,1783,600,3525,2850,1830,675,375,3285,2595,4275,1162.5,5550,250.5,352.5,550.5,732,4680,750,237,487.5,3120,610.5,7125,4146.43,1017,8100
12,1783,600,3300,2850,1845,663,375,3345,2670,4080,1125,5550,250.5,369,562.5,750,4875,759,240,487.5,3000,600,7320,4375.71,958.5,8250
1,1784,600,3000,3450,2055,825,375,3390,2625,4215,1125,5625,250.5,360,550.5,654,4680,787.5,240,487.5,3750,712.5,9000,4605,975,8400
2,1784,600,3000,3150,1770,562.5,319.5,3390,2025,4065,1237.5,5625,244.5,337.5,499.5,712.5,4680,775.5,213,450,2625,544.5,9000,4500,1012.5,9375
3,1784,450,3525,3300,1920,525,325.5,3375,2115,4350,1038,5625,250.5,291,342,675,5250,750,216,487.5,3750,562.5,9180,4500,975,9900
4,1784,450,2805,2400,1725,600,322.5,3210,2010,3945,1038,5625,250.5,285,325.5,684,5250,732,186,487.5,2700,550.5,8820,4500,1029,10320
5,1784,507,2775,2370,1800,862.5,319.5,3210,2325,4005,1350,5820,250.5,282,322.5,670.5,4350,450,190.5,487.5,2550,553.5,9375,4875,1057.5,11250
6,1784,562.5,3750,2700,1875,718.5,300,3645,3060,4335,1350,6000,250.5,325.5,327,819,4875,493.5,208.5,487.5,2700,525,10500,4530,1021.5,9285
7,1784,687,3630,2250,1980,771,304.5,3600,3270,4305,1680,6225,237,337.5,325.5,1023,5025,513,157.5,487.5,2625,562.5,10500,4200,1164,10125
8,1784,600,3600,2250,2025,775.5,310.5,3510,3000,4290,1680,6000,250.5,288,337.5,1012.5,4875,499.5,150,487.5,2550,550.5,9750,4200,1200,10125
9,1784,600,3525,2250,2115,799.5,315,3600,3000,4110,1800,6150,250.5,300,393,937.5,5250,732,150,487.5,2625,550.5,8625,4500,1200,9750
10,1784,600,3450,2700,2250,900,319.5,3690,3165,3945,1800,6300,243,282,387,1125,4875,625.5,150,451.5,2625,562.5,9375,4500,1200,9750
11,1784,675,3600,2700,2520,700.5,375,3690,3210,4290,1500,6075,237,288,375,900,4875,649.5,150,393,2625,450,8625,4500,1275,10500
12,1784,525,3300,3075,2445,675,375,3345,3000,4065,1350,5850,225,262.5,363,750,4875,592.5,150,412.5,2520,475.5,8625,4050,1312.5,10500
1,1785,525,3300,2850,2175,525,375,3390,3210,3855,1338,5625,237,274.5,337.5,787.5,4875,687,150,372,2625,375,8625,4125,1263,10500
2,1785,525,3300,2850,2100,525,375,3345,3210,3855,1338,5625,237,262.5,375,750,4500,562.5,150,372,2625,424.5,8625,4050,1275,10500
3,1785,450,3000,3375,2325,562.5,370.5,3255,3000,3855,1256.63,5400,187.5,274.5,375,787.5,4050,550.5,150,361.5,2625,424.5,8250,4050,1275,12000
4,1785,450,3300,3375,2100,574.5,366,3255,3000,3690,1175.25,5100,225,262.5,337.5,750,4050,570,150,361.5,2325,438,8250,3900,1200,12000
5,1785,450,3600,2820,2175,562.5,363,3000,2910,3855,1093.88,4950,231,262.5,375,787.5,3900,475.5,150,361.5,2325,438,8250,3750,1200,10500
6,1785,450,3600,2250,2475,574.5,358.5,3210,3000,3855,1012.5,4500,231,250.5,412.5,825,4125,487.5,138,360,1575,412.5,8250,2700,1200,10500
7,1785,450,3525,2550,2370,574.5,354,3210,2895,3765,1012.5,4500,237,250.5,387,900,3900,525,138,360,1500,387,8250,2625,1194,9750
8,1785,525,3525,2550,2100,582,349.5,3210,2895,3765,1012.5,4200,243,250.5,432,900,3900,475.5,138,360,1650,387,8250,2625,1087.5,9750
9,1785,562.5,3450,2550,2400,663,349.5,3465,2940,3735,1012.5,4350,243,237,525,957,3750,475.5,138,378,1875,387,8250,2850,1107,9000
10,1785,562.5,3375,2550,2700,675,349.5,3255,3000,3735,1012.5,4350,256.5,250.5,525,862.5,3900,487.5,150,421.5,1950,387,8250,2700,1162.5,9000
11,1785,562.5,3480,2550,2625,706.5,363,3300,2790,3690,1012.5,4350,265.5,250.5,637.5,862.5,4125,507,150,441,1875,387,7500,2700,1182,9000
12,1785,562.5,3480,2550,2625,706.5,375,3300,2790,3600,1012.5,4350,253.5,262.5,675,657,4125,432,150,441,1875,387,7500,2700,1188,9000
1,1786,562.5,3150,2475,2625,544.5,412.5,2835,2745,3600,1012.5,4350,237,288,600,657,4125,507,162,441,1875,394.5,6750,2625,1162.5,9000
2,1786,562.5,3000,2475,2550,582,412.5,3045,2655,3600,1012.5,4350,231,312,562.5,675,4125,507,162,441,1875,412.5,6450,2625,1125,9000
3,1786,562.5,2775,2475,2400,675,412.5,3045,2655,3555,1012.5,4125,237,262.5,525,562.5,3450,507,162,441,1875,412.5,6450,2625,1125,9000
4,1786,525,2880,2475,2475,606,412.5,2790,2790,3465,1012.5,4125,225,262.5,562.5,637.5,3375,507,162,403.5,1875,418.5,5250,2550,1032,9000
5,1786,600,2880,2325,2250,600,469.5,2910,2910,3435,1012.5,3975,213,262.5,525,750,3225,507,162,412.5,1200,412.5,5250,1800,1032,9000
6,1786,600,2880,2325,2400,750,469.5,3210,3045,3690,1012.5,3825,213,268.5,525,750,3375,507,162,412.5,1200,412.5,5250,1800,1162.5,9000
7,1786,600,2880,2325,2400,844.5,469.5,3255,2790,3690,1012.5,3825,213,294,525,750,4125,507,162,412.5,1200,412.5,5250,1800,1200,9000
8,1786,600,2880,2325,2325,888,487.5,3000,2955,3690,1012.5,3825,213,262.5,525,750,4125,499.5,162,412.5,1200,412.5,5250,1800,1087.5,9000
9,1786,600,2880,2325,2325,825,450,3390,2790,3645,1012.5,3825,225,262.5,525,787.5,3900,499.5,162,412.5,1200,412.5,5625,1800,1182,9000
10,1786,600,2880,2325,2400,675,450,3165,2565,3645,1012.5,3825,243,262.5,450,787.5,3900,499.5,162,412.5,1200,412.5,5625,1800,1069.5,9000
11,1786,600,2880,2325,2700,469.5,450,3210,2685,3600,1012.5,3825,225,268.5,450,900,3900,499.5,162,412.5,1200,412.5,6000,1800,1087.5,9000
12,1786,600,2880,2325,2850,456,450,3090,2445,3435,1012.5,3825,225,288,450,675,3900,499.5,162,412.5,1500,412.5,6000,1800,1125,9000
1,1787,600,2880,2325,2850,432,450,3165,2445,3435,1012.5,3825,225,288,450,675,3900,499.5,162,412.5,1500,412.5,6000,1800,1125,9000
2,1787,600,2880,2325,2850,450,450,3090,2235,3435,1012.5,3825,244.5,312,450,637.5,3900,544.5,162,412.5,1500,412.5,6000,1800,1125,9000
3,1787,600,2880,2175,2850,450,450,3000,2235,3435,1012.5,3825,231,312,450,675,3825,544.5,162,412.5,1500,412.5,6000,1800,1087.5,9000
4,1787,582,2880,1875,2220,469.5,450,2955,2310,3435,975,3825,231,312,400.5,675,3825,544.5,156,412.5,1500,432,6000,1800,1012.5,9000
5,1787,582,2880,1875,2250,525,450,3000,2145,3435,787.5,3825,199.5,262.5,375,675,3825,487.5,156,412.5,1500,394.5,6180,1800,1012.5,9000
6,1787,582,2880,1875,2625,450,450,3045,2445,3645,787.5,3825,199.5,312,349.5,675,3825,507,162,412.5,1500,363,6000,1800,1237.5,9000
7,1787,582,2880,2175,2325,588,450,3210,2550,3645,862.5,3825,199.5,274.5,349.5,675,3900,487.5,162,412.5,1500,363,5625,1500,1087.5,9000
8,1787,582,2700,1875,2400,493.5,450,2910,2265,3135,862.5,3750,199.5,274.5,349.5,693,3750,475.5,162,393,1500,363,6000,1500,975,9000
9,1787,582,2625,2175,2430,493.5,450,2610,2100,2835,862.5,3750,199.5,288,363,712.5,3750,475.5,162,393,1650,363,6300,1500,862.5,9000
10,1787,582,2625,1875,2520,493.5,438,2610,2100,2835,937.5,3750,199.5,268.5,363,712.5,3525,475.5,154.5,393,1650,363,6300,1500,862.5,9000
11,1787,469.5,2550,2175,2775,475.5,438,2535,2055,2700,1012.5,3825,199.5,268.5,363,675,3525,475.5,154.5,393,1650,412.5,6300,1500,862.5,9000
12,1787,450,2250,2175,2775,412.5,438,2445,1995,2640,1012.5,3825,199.5,282,412.5,600,3525,475.5,162,393,1650,412.5,6300,1500,787.5,9000
1,1788,432,2400,2175,2775,387,438,2340,1800,2610,1012.5,3825,187.5,282,412.5,600,3525,475.5,162,393,1650,412.5,6300,1800,787.5,9000
2,1788,432,2475,2175,2475,375,438,2310,1815,2610,1012.5,3825,175.5,282,412.5,600,3525,475.5,162,412.5,1650,412.5,6300,1800,787.5,9000
3,1788,432,2400,2175,2175,343.5,438,2295,1815,3000,900,3900,199.5,282,412.5,516,3420,487.5,162,412.5,1650,400.5,6150,1800,900,9000
4,1788,432,2280,1950,2175,387,412.5,2355,1815,3090,900,3900,187.5,282,412.5,543,3420,487.5,159,412.5,1425,394.5,6150,1800,900,9000
5,1788,394.5,2175,1950,2175,412.5,412.5,2805,2145,3165,900,3900,187.5,282,412.5,552,3180,487.5,159,412.5,1425,394.5,6150,1800,1012.5,9000
6,1788,391.5,2175,1950,2400,424.5,412.5,2685,2295,3165,900,4050,187.5,288,412.5,552,3330,487.5,159,412.5,1425,357,6150,1800,1012.5,9000
7,1788,387,2175,1875,2325,432,412.5,2655,2145,3000,900,4050,181.5,282,412.5,552,3480,487.5,159,412.5,1425,363,6150,1800,937.5,9000
8,1788,387,2100,1875,2430,412.5,412.5,2805,2235,3000,900,4020,178.5,271.5,412.5,571.5,3375,438,159,412.5,1350,363,6150,1800,825,9000
9,1788,387,2100,1875,2775,400.5,375,2700,2145,3000,807,3975,178.5,271.5,412.5,571.5,3375,438,159,412.5,1350,300,6150,1800,825,9000
10,1788,387,2025,1875,2775,438,375,2745,2145,2955,1087.5,3900,213,265.5,432,571.5,3420,450,159,403.5,1590,274.5,6000,1875,900,9000
11,1788,387,2025,1875,2925,412.5,375,2655,2055,2910,1087.5,3900,213,265.5,432,571.5,3600,450,159,403.5,1590,274.5,5250,1875,882,9000
12,1788,387,2025,1800,2775,333,337.5,2745,2085,3000,862.5,3825,213,282,406.5,562.5,3675,481.5,147,432,1875,282,5250,2070,919.5,9000
1,1789,387,2025,1800,2700,354,337.5,2535,2040,3000,862.5,3900,213,271.5,406.5,562.5,3675,525,147,432,1875,282,5250,2070,900,9000
2,1789,387,2025,1800,2550,357,337.5,2565,2040,2910,862.5,3900,213,271.5,406.5,562.5,3600,525,147,432,1800,282,5250,2070,862.5,9000
3,1789,360,2025,1800,2550,319.5,337.5,2565,2040,3000,862.5,3900,175.5,271.5,406.5,529.5,3600,544.5,147,432,1800,282,5250,2070,862.5,9000
4,1789,360,1950,1800,2550,312,309,2610,2040,3000,862.5,3900,175.5,259.5,424.5,529.5,3000,544.5,147,432,1575,271.5,5250,1875,937.5,9000
5,1789,360,1950,2250,2850,450,309,2955,2445,3435,862.5,3900,175.5,312,424.5,529.5,3000,562.5,175.5,478.5,1575,300,5250,1875,1069.5,9000
6,1789,360,2100,2250,3000,525,309,3195,2490,3645,862.5,3900,175.5,312,424.5,550.5,2850,544.5,175.5,478.5,1575,300,5250,1875,1087.5,9000
7,1789,360,2400,2175,2850,499.5,309,3000,2490,3315,862.5,3900,213,312,424.5,550.5,2850,544.5,175.5,478.5,1575,300,5250,1875,1125,9000
8,1789,360,2325,2175,2925,544.5,309,3165,2490,3510,862.5,4050,213,312,387,529.5,2850,544.5,169.5,459,1575,300,5250,1875,1012.5,9000
9,1789,360,2325,2100,3000,550.5,309,3240,2655,3645,862.5,4050,213,300,387,529.5,2850,544.5,169.5,459,1575,282,5250,1875,1012.5,9000
10,1789,360,2325,1950,3000,562.5,309,3285,2535,3645,862.5,4050,213,303,387,529.5,2925,619.5,162,459,1575,282,4875,1875,1125,9000
11,1789,402,2325,1950,3000,600,309,3135,2565,3435,862.5,4050,213,303,387,529.5,2925,619.5,162,459,1575,282,4875,1875,1125,9000
12,1789,367.5,2700,1950,2775,513,309,3600,2895,3645,862.5,4125,213,349.5,387,529.5,3375,675,162,459,2325,300,4875,2625,1263,9000
1,1790,367.5,2700,1950,2625,487.5,282,3645,2910,3810,862.5,4125,213,325.5,475.5,529.5,3375,675,175.5,459,2325,349.5,4875,2625,1350,9000
2,1790,367.5,2700,1950,2625,562.5,282,3960,3105,4305,862.5,4125,213,325.5,475.5,529.5,3375,694.5,175.5,459,2325,349.5,4875,2625,1530,9000
3,1790,367.5,3525,1950,2100,750,282,4500,4065,4815,862.5,4200,213,300,475.5,529.5,3375,694.5,175.5,459,2325,349.5,4875,2625,1695,9000
4,1790,367.5,3750,1800,2400,787.5,282,4800,3855,4995,862.5,4200,213,291,375,529.5,3375,619.5,175.5,459,2325,349.5,4875,2625,1920,9000
5,1790,367.5,3750,1800,2400,750,282,5145,4185,5355,862.5,4200,213,325.5,375,529.5,3375,619.5,175.5,459,2325,349.5,4875,2625,1980,9000
6,1790,367.5,4200,1800,2475,675,312,4755,3990,4965,862.5,4200,213,349.5,375,529.5,3375,619.5,175.5,478.5,2325,349.5,4875,2625,1680,9000
7,1790,411,4050,1800,2325,582,282,4365,3345,4665,862.5,4200,213,319.5,400.5,591,3600,657,175.5,487.5,2325,349.5,4875,2625,1530,9000
8,1790,411,3900,1800,2325,562.5,282,4335,3360,4590,862.5,4200,213,331.5,400.5,712.5,3600,657,187.5,525,1635,331.5,4875,2625,1425,9000
9,1790,411,2850,1800,2325,582,237,3435,3210,3855,862.5,4200,213,343.5,400.5,712.5,3450,657,187.5,562.5,1635,331.5,4875,2625,1237.5,9000
10,1790,411,2625,1800,2430,462,237,3555,2790,3705,862.5,4200,213,381,400.5,753,3450,694.5,225,618,2475,400.5,4875,2700,1200,9000
11,1790,379.5,2700,1875,2325,600,250.5,3765,2790,3945,787.5,4500,213,375,400.5,733.5,3000,675,225,618,2625,412.5,5820,3000,1312.5,9180
12,1790,379.5,2850,2100,2175,525,250.5,3645,3210,3945,787.5,4500,213,412.5,400.5,631.5,3420,649.5,225,618,2250,387,5820,3000,1263,9180